timeStamp,elapsed,label,responseCode,responseMessage,threadName,dataType,success,failureMessage,bytes,sentBytes,grpThreads,allThreads,URL,Latency,IdleTime,Connect
1616245624406,67,JoinServer,200,OK,LoadTesting 1-489,text,true,,0,0,563,563,null,0,0,0
1616245624153,320,JoinServer,200,OK,LoadTesting 1-244,text,true,,0,0,563,563,null,0,0,0
1616245624119,355,JoinServer,200,OK,LoadTesting 1-209,text,true,,0,0,563,563,null,0,0,0
1616245624406,67,JoinServer,200,OK,LoadTesting 1-493,text,true,,0,0,563,563,null,0,0,0
1616245624270,204,JoinServer,200,OK,LoadTesting 1-362,text,true,,0,0,563,563,null,0,0,0
1616245623931,542,JoinServer,200,OK,LoadTesting 1-22,text,true,,0,0,564,564,null,0,0,0
1616245624376,97,JoinServer,200,OK,LoadTesting 1-467,text,true,,0,0,563,563,null,0,0,0
1616245624090,384,JoinServer,200,OK,LoadTesting 1-180,text,true,,0,0,563,563,null,0,0,0
1616245624328,146,JoinServer,200,OK,LoadTesting 1-420,text,true,,0,0,564,564,null,0,0,0
1616245623944,528,JoinServer,200,OK,LoadTesting 1-34,text,true,,0,0,563,563,null,0,0,0
1616245624040,433,JoinServer,200,OK,LoadTesting 1-131,text,true,,0,0,563,563,null,0,0,0
1616245624000,474,JoinServer,200,OK,LoadTesting 1-91,text,true,,0,0,563,563,null,0,0,0
1616245624213,260,JoinServer,200,OK,LoadTesting 1-304,text,true,,0,0,563,563,null,0,0,0
1616245624268,205,JoinServer,200,OK,LoadTesting 1-360,text,true,,0,0,563,563,null,0,0,0
1616245624073,400,JoinServer,200,OK,LoadTesting 1-163,text,true,,0,0,563,563,null,0,0,0
1616245624095,379,JoinServer,200,OK,LoadTesting 1-186,text,true,,0,0,564,564,null,0,0,0
1616245624015,459,JoinServer,200,OK,LoadTesting 1-105,text,true,,0,0,564,564,null,0,0,0
1616245623920,553,JoinServer,200,OK,LoadTesting 1-10,text,true,,0,0,563,563,null,0,0,0
1616245624152,321,JoinServer,200,OK,LoadTesting 1-243,text,true,,0,0,563,563,null,0,0,0
1616245624242,231,JoinServer,200,OK,LoadTesting 1-334,text,true,,0,0,563,563,null,0,0,0
1616245624197,276,JoinServer,200,OK,LoadTesting 1-289,text,true,,0,0,563,563,null,0,0,0
1616245624351,124,JoinServer,200,OK,LoadTesting 1-441,text,true,,0,0,561,561,null,0,0,0
1616245623940,534,JoinServer,200,OK,LoadTesting 1-23,text,true,,0,0,556,556,null,0,0,0
1616245624355,120,JoinServer,200,OK,LoadTesting 1-445,text,true,,0,0,555,555,null,0,0,0
1616245624147,328,JoinServer,200,OK,LoadTesting 1-237,text,true,,0,0,555,555,null,0,0,0
1616245623940,535,JoinServer,200,OK,LoadTesting 1-30,text,true,,0,0,555,555,null,0,0,0
1616245623958,517,JoinServer,200,OK,LoadTesting 1-48,text,true,,0,0,559,555,null,0,0,0
1616245624290,186,JoinServer,200,OK,LoadTesting 1-382,text,true,,0,0,554,554,null,0,0,0
1616245624216,260,JoinServer,200,OK,LoadTesting 1-308,text,true,,0,0,554,554,null,0,0,0
1616245624284,191,JoinServer,200,OK,LoadTesting 1-375,text,true,,0,0,555,555,null,0,0,0
1616245624258,218,JoinServer,200,OK,LoadTesting 1-350,text,true,,0,0,549,549,null,0,0,0
1616245623918,557,JoinServer,200,OK,LoadTesting 1-9,text,true,,0,0,548,548,null,0,0,0
1616245624406,71,JoinServer,200,OK,LoadTesting 1-492,text,true,,0,0,535,535,null,0,0,0
1616245624071,406,JoinServer,200,OK,LoadTesting 1-161,text,true,,0,0,535,535,null,0,0,0
1616245624075,402,JoinServer,200,OK,LoadTesting 1-166,text,true,,0,0,535,535,null,0,0,0
1616245623930,546,JoinServer,200,OK,LoadTesting 1-18,text,true,,0,0,532,532,null,0,0,0
1616245624037,441,JoinServer,200,OK,LoadTesting 1-127,text,true,,0,0,532,532,null,0,0,0
1616245624296,185,JoinServer,200,OK,LoadTesting 1-387,text,true,,0,0,534,534,null,0,0,0
1616245624395,86,JoinServer,200,OK,LoadTesting 1-485,text,true,,0,0,534,534,null,0,0,0
1616245624074,407,JoinServer,200,OK,LoadTesting 1-164,text,true,,0,0,534,534,null,0,0,0
1616245623940,540,JoinServer,200,OK,LoadTesting 1-24,text,true,,0,0,534,534,null,0,0,0
1616245624289,192,JoinServer,200,OK,LoadTesting 1-381,text,true,,0,0,532,532,null,0,0,0
1616245624251,230,JoinServer,200,OK,LoadTesting 1-343,text,true,,0,0,531,531,null,0,0,0
1616245624408,74,JoinServer,200,OK,LoadTesting 1-495,text,true,,0,0,530,530,null,0,0,0
1616245623993,489,JoinServer,200,OK,LoadTesting 1-83,text,true,,0,0,529,529,null,0,0,0
1616245623952,530,JoinServer,200,OK,LoadTesting 1-42,text,true,,0,0,529,529,null,0,0,0
1616245624084,398,JoinServer,200,OK,LoadTesting 1-175,text,true,,0,0,526,526,null,0,0,0
1616245624079,404,JoinServer,200,OK,LoadTesting 1-170,text,true,,0,0,526,526,null,0,0,0
1616245624106,377,JoinServer,200,OK,LoadTesting 1-196,text,true,,0,0,527,527,null,0,0,0
1616245624257,226,JoinServer,200,OK,LoadTesting 1-349,text,true,,0,0,525,525,null,0,0,0
1616245624386,97,JoinServer,200,OK,LoadTesting 1-476,text,true,,0,0,524,524,null,0,0,0
1616245624178,305,JoinServer,200,OK,LoadTesting 1-269,text,true,,0,0,524,524,null,0,0,0
1616245624233,250,JoinServer,200,OK,LoadTesting 1-325,text,true,,0,0,523,523,null,0,0,0
1616245624331,152,JoinServer,200,OK,LoadTesting 1-422,text,true,,0,0,521,521,null,0,0,0
1616245624173,310,JoinServer,200,OK,LoadTesting 1-265,text,true,,0,0,520,520,null,0,0,0
1616245624279,204,JoinServer,200,OK,LoadTesting 1-371,text,true,,0,0,519,519,null,0,0,0
1616245623970,515,JoinServer,200,OK,LoadTesting 1-61,text,true,,0,0,519,519,null,0,0,0
1616245624271,214,JoinServer,200,OK,LoadTesting 1-363,text,true,,0,0,519,519,null,0,0,0
1616245623979,506,JoinServer,200,OK,LoadTesting 1-70,text,true,,0,0,518,518,null,0,0,0
1616245624375,111,JoinServer,200,OK,LoadTesting 1-465,text,true,,0,0,517,517,null,0,0,0
1616245624134,352,JoinServer,200,OK,LoadTesting 1-225,text,true,,0,0,517,517,null,0,0,0
1616245624122,367,JoinServer,200,OK,LoadTesting 1-212,text,true,,0,0,518,518,null,0,0,0
1616245623961,528,JoinServer,200,OK,LoadTesting 1-52,text,true,,0,0,518,518,null,0,0,0
1616245624092,397,JoinServer,200,OK,LoadTesting 1-183,text,true,,0,0,518,518,null,0,0,0
1616245624022,467,JoinServer,200,OK,LoadTesting 1-113,text,true,,0,0,518,518,null,0,0,0
1616245624054,439,JoinServer,200,OK,LoadTesting 1-145,text,true,,0,0,517,517,null,0,0,0
1616245624113,380,JoinServer,200,OK,LoadTesting 1-203,text,true,,0,0,517,517,null,0,0,0
1616245623940,552,JoinServer,200,OK,LoadTesting 1-31,text,true,,0,0,517,517,null,0,0,0
1616245624187,306,JoinServer,200,OK,LoadTesting 1-279,text,true,,0,0,515,515,null,0,0,0
1616245624304,191,JoinServer,200,OK,LoadTesting 1-396,text,true,,0,0,516,516,null,0,0,0
1616245623941,553,JoinServer,200,OK,LoadTesting 1-27,text,true,,0,0,516,516,null,0,0,0
1616245624352,144,JoinServer,200,OK,LoadTesting 1-442,text,true,,0,0,515,515,null,0,0,0
1616245624348,148,JoinServer,200,OK,LoadTesting 1-439,text,true,,0,0,515,515,null,0,0,0
1616245623916,580,JoinServer,200,OK,LoadTesting 1-3,text,true,,0,0,514,514,null,0,0,0
1616245624056,441,JoinServer,200,OK,LoadTesting 1-147,text,true,,0,0,514,514,null,0,0,0
1616245624047,450,JoinServer,200,OK,LoadTesting 1-138,text,true,,0,0,513,513,null,0,0,0
1616245624166,331,JoinServer,200,OK,LoadTesting 1-257,text,true,,0,0,512,512,null,0,0,0
1616245624002,495,JoinServer,200,OK,LoadTesting 1-92,text,true,,0,0,510,510,null,0,0,0
1616245624355,142,JoinServer,200,OK,LoadTesting 1-444,text,true,,0,0,510,510,null,0,0,0
1616245624210,287,JoinServer,200,OK,LoadTesting 1-290,text,true,,0,0,509,509,null,0,0,0
1616245623949,548,JoinServer,200,OK,LoadTesting 1-39,text,true,,0,0,508,508,null,0,0,0
1616245624097,400,JoinServer,200,OK,LoadTesting 1-178,text,true,,0,0,506,506,null,0,0,0
1616245624093,405,JoinServer,200,OK,LoadTesting 1-184,text,true,,0,0,506,506,null,0,0,0
1616245624274,224,JoinServer,200,OK,LoadTesting 1-366,text,true,,0,0,506,506,null,0,0,0
1616245624407,91,JoinServer,200,OK,LoadTesting 1-494,text,true,,0,0,504,504,null,0,0,0
1616245624212,286,JoinServer,200,OK,LoadTesting 1-303,text,true,,0,0,504,504,null,0,0,0
1616245624133,365,JoinServer,200,OK,LoadTesting 1-224,text,true,,0,0,503,503,null,0,0,0
1616245624249,249,JoinServer,200,OK,LoadTesting 1-340,text,true,,0,0,502,502,null,0,0,0
1616245624135,363,JoinServer,200,OK,LoadTesting 1-226,text,true,,0,0,501,501,null,0,0,0
1616245624308,190,JoinServer,200,OK,LoadTesting 1-400,text,true,,0,0,500,500,null,0,0,0
1616245623930,568,JoinServer,200,OK,LoadTesting 1-15,text,true,,0,0,500,500,null,0,0,0
1616245624058,441,JoinServer,200,OK,LoadTesting 1-149,text,true,,0,0,499,499,null,0,0,0
1616245624102,397,JoinServer,200,OK,LoadTesting 1-192,text,true,,0,0,499,499,null,0,0,0
1616245624256,243,JoinServer,200,OK,LoadTesting 1-348,text,true,,0,0,498,498,null,0,0,0
1616245624210,289,JoinServer,200,OK,LoadTesting 1-296,text,true,,0,0,497,497,null,0,0,0
1616245624108,391,JoinServer,200,OK,LoadTesting 1-198,text,true,,0,0,497,497,null,0,0,0
1616245624399,100,JoinServer,200,OK,LoadTesting 1-488,text,true,,0,0,494,494,null,0,0,0
1616245624026,473,JoinServer,200,OK,LoadTesting 1-116,text,true,,0,0,493,493,null,0,0,0
1616245624029,470,JoinServer,200,OK,LoadTesting 1-120,text,true,,0,0,492,492,null,0,0,0
1616245623960,539,JoinServer,200,OK,LoadTesting 1-51,text,true,,0,0,491,491,null,0,0,0
1616245623916,583,JoinServer,200,OK,LoadTesting 1-5,text,true,,0,0,490,490,null,0,0,0
1616245624132,368,JoinServer,200,OK,LoadTesting 1-223,text,true,,0,0,490,490,null,0,0,0
1616245624044,456,JoinServer,200,OK,LoadTesting 1-135,text,true,,0,0,489,489,null,0,0,0
1616245624360,140,JoinServer,200,OK,LoadTesting 1-451,text,true,,0,0,488,488,null,0,0,0
1616245624287,213,JoinServer,200,OK,LoadTesting 1-379,text,true,,0,0,488,488,null,0,0,0
1616245624409,91,JoinServer,200,OK,LoadTesting 1-491,text,true,,0,0,488,488,null,0,0,0
1616245624186,314,JoinServer,200,OK,LoadTesting 1-278,text,true,,0,0,485,485,null,0,0,0
1616245624004,496,JoinServer,200,OK,LoadTesting 1-95,text,true,,0,0,484,484,null,0,0,0
1616245624118,382,JoinServer,200,OK,LoadTesting 1-208,text,true,,0,0,483,483,null,0,0,0
1616245624244,256,JoinServer,200,OK,LoadTesting 1-336,text,true,,0,0,482,482,null,0,0,0
1616245624324,177,JoinServer,200,OK,LoadTesting 1-413,text,true,,0,0,481,481,null,0,0,0
1616245624094,407,JoinServer,200,OK,LoadTesting 1-176,text,true,,0,0,481,481,null,0,0,0
1616245624141,360,JoinServer,200,OK,LoadTesting 1-231,text,true,,0,0,480,480,null,0,0,0
1616245624038,463,JoinServer,200,OK,LoadTesting 1-129,text,true,,0,0,479,479,null,0,0,0
1616245624408,93,JoinServer,200,OK,LoadTesting 1-498,text,true,,0,0,478,478,null,0,0,0
1616245623922,578,JoinServer,200,OK,LoadTesting 1-13,text,true,,0,0,477,477,null,0,0,0
1616245624327,174,JoinServer,200,OK,LoadTesting 1-419,text,true,,0,0,476,476,null,0,0,0
1616245624009,492,JoinServer,200,OK,LoadTesting 1-100,text,true,,0,0,475,475,null,0,0,0
1616245624241,260,JoinServer,200,OK,LoadTesting 1-333,text,true,,0,0,474,474,null,0,0,0
1616245624380,121,JoinServer,200,OK,LoadTesting 1-471,text,true,,0,0,473,473,null,0,0,0
1616245624082,419,JoinServer,200,OK,LoadTesting 1-172,text,true,,0,0,472,472,null,0,0,0
1616245624057,444,JoinServer,200,OK,LoadTesting 1-148,text,true,,0,0,471,471,null,0,0,0
1616245624410,92,JoinServer,200,OK,LoadTesting 1-499,text,true,,0,0,471,471,null,0,0,0
1616245624325,177,JoinServer,200,OK,LoadTesting 1-411,text,true,,0,0,470,470,null,0,0,0
1616245624048,454,JoinServer,200,OK,LoadTesting 1-139,text,true,,0,0,469,469,null,0,0,0
1616245624393,109,JoinServer,200,OK,LoadTesting 1-481,text,true,,0,0,467,467,null,0,0,0
1616245624065,437,JoinServer,200,OK,LoadTesting 1-156,text,true,,0,0,467,467,null,0,0,0
1616245623977,525,JoinServer,200,OK,LoadTesting 1-68,text,true,,0,0,466,466,null,0,0,0
1616245624356,146,JoinServer,200,OK,LoadTesting 1-447,text,true,,0,0,466,466,null,0,0,0
1616245624245,257,JoinServer,200,OK,LoadTesting 1-337,text,true,,0,0,465,465,null,0,0,0
1616245624099,403,JoinServer,200,OK,LoadTesting 1-189,text,true,,0,0,464,464,null,0,0,0
1616245623953,549,JoinServer,200,OK,LoadTesting 1-44,text,true,,0,0,462,462,null,0,0,0
1616245624367,135,JoinServer,200,OK,LoadTesting 1-458,text,true,,0,0,461,461,null,0,0,0
1616245624182,321,JoinServer,200,OK,LoadTesting 1-274,text,true,,0,0,461,461,null,0,0,0
1616245624364,139,JoinServer,200,OK,LoadTesting 1-454,text,true,,0,0,460,460,null,0,0,0
1616245624239,264,JoinServer,200,OK,LoadTesting 1-331,text,true,,0,0,459,459,null,0,0,0
1616245623955,548,JoinServer,200,OK,LoadTesting 1-46,text,true,,0,0,458,458,null,0,0,0
1616245624193,310,JoinServer,200,OK,LoadTesting 1-284,text,true,,0,0,457,457,null,0,0,0
1616245624184,319,JoinServer,200,OK,LoadTesting 1-275,text,true,,0,0,456,456,null,0,0,0
1616245623969,534,JoinServer,200,OK,LoadTesting 1-60,text,true,,0,0,455,455,null,0,0,0
1616245624409,94,JoinServer,200,OK,LoadTesting 1-490,text,true,,0,0,454,454,null,0,0,0
1616245624414,89,JoinServer,200,OK,LoadTesting 1-501,text,true,,0,0,453,453,null,0,0,0
1616245624052,451,JoinServer,200,OK,LoadTesting 1-143,text,true,,0,0,452,452,null,0,0,0
1616245624393,110,JoinServer,200,OK,LoadTesting 1-479,text,true,,0,0,451,451,null,0,0,0
1616245624023,481,JoinServer,200,OK,LoadTesting 1-114,text,true,,0,0,451,451,null,0,0,0
1616245623971,533,JoinServer,200,OK,LoadTesting 1-62,text,true,,0,0,450,450,null,0,0,0
1616245624053,451,JoinServer,200,OK,LoadTesting 1-144,text,true,,0,0,449,449,null,0,0,0
1616245624325,179,JoinServer,200,OK,LoadTesting 1-410,text,true,,0,0,447,447,null,0,0,0
1616245623940,563,JoinServer,200,OK,LoadTesting 1-28,text,true,,0,0,447,447,null,0,0,0
1616245624049,455,JoinServer,200,OK,LoadTesting 1-140,text,true,,0,0,446,446,null,0,0,0
1616245624335,169,JoinServer,200,OK,LoadTesting 1-427,text,true,,0,0,445,445,null,0,0,0
1616245624016,488,JoinServer,200,OK,LoadTesting 1-106,text,true,,0,0,444,444,null,0,0,0
1616245624105,399,JoinServer,200,OK,LoadTesting 1-195,text,true,,0,0,443,443,null,0,0,0
1616245624177,329,JoinServer,200,OK,LoadTesting 1-268,text,true,,0,0,442,442,null,0,0,0
1616245624414,92,JoinServer,200,OK,LoadTesting 1-500,text,true,,0,0,442,442,null,0,0,0
1616245623963,543,JoinServer,200,OK,LoadTesting 1-54,text,true,,0,0,441,441,null,0,0,0
1616245624172,335,JoinServer,200,OK,LoadTesting 1-262,text,true,,0,0,440,440,null,0,0,0
1616245624101,406,JoinServer,200,OK,LoadTesting 1-191,text,true,,0,0,439,439,null,0,0,0
1616245624025,482,JoinServer,200,OK,LoadTesting 1-115,text,true,,0,0,439,439,null,0,0,0
1616245624052,455,JoinServer,200,OK,LoadTesting 1-142,text,true,,0,0,438,438,null,0,0,0
1616245624277,230,JoinServer,200,OK,LoadTesting 1-369,text,true,,0,0,437,437,null,0,0,0
1616245624368,139,JoinServer,200,OK,LoadTesting 1-459,text,true,,0,0,436,436,null,0,0,0
1616245624372,135,JoinServer,200,OK,LoadTesting 1-463,text,true,,0,0,435,435,null,0,0,0
1616245624414,93,JoinServer,200,OK,LoadTesting 1-504,text,true,,0,0,434,434,null,0,0,0
1616245624065,442,JoinServer,200,OK,LoadTesting 1-155,text,true,,0,0,432,432,null,0,0,0
1616245624337,170,JoinServer,200,OK,LoadTesting 1-429,text,true,,0,0,432,432,null,0,0,0
1616245624115,393,JoinServer,200,OK,LoadTesting 1-205,text,true,,0,0,433,433,null,0,0,0
1616245624364,144,JoinServer,200,OK,LoadTesting 1-453,text,true,,0,0,431,431,null,0,0,0
1616245624281,227,JoinServer,200,OK,LoadTesting 1-373,text,true,,0,0,431,431,null,0,0,0
1616245624225,283,JoinServer,200,OK,LoadTesting 1-317,text,true,,0,0,430,430,null,0,0,0
1616245623972,536,JoinServer,200,OK,LoadTesting 1-63,text,true,,0,0,429,429,null,0,0,0
1616245624146,362,JoinServer,200,OK,LoadTesting 1-236,text,true,,0,0,428,428,null,0,0,0
1616245624213,295,JoinServer,200,OK,LoadTesting 1-305,text,true,,0,0,428,428,null,0,0,0
1616245624180,328,JoinServer,200,OK,LoadTesting 1-272,text,true,,0,0,426,426,null,0,0,0
1616245624063,445,JoinServer,200,OK,LoadTesting 1-153,text,true,,0,0,425,425,null,0,0,0
1616245624179,334,JoinServer,200,OK,LoadTesting 1-271,text,true,,0,0,428,428,null,0,0,0
1616245624424,89,JoinServer,200,OK,LoadTesting 1-503,text,true,,0,0,428,428,null,0,0,0
1616245624417,97,JoinServer,200,OK,LoadTesting 1-496,text,true,,0,0,428,428,null,0,0,0
1616245624416,98,JoinServer,200,OK,LoadTesting 1-505,text,true,,0,0,427,427,null,0,0,0
1616245624417,97,JoinServer,200,OK,LoadTesting 1-506,text,true,,0,0,426,426,null,0,0,0
1616245624424,90,JoinServer,200,OK,LoadTesting 1-497,text,true,,0,0,425,425,null,0,0,0
1616245624253,261,JoinServer,200,OK,LoadTesting 1-345,text,true,,0,0,424,424,null,0,0,0
1616245624224,290,JoinServer,200,OK,LoadTesting 1-315,text,true,,0,0,423,423,null,0,0,0
1616245624424,90,JoinServer,200,OK,LoadTesting 1-507,text,true,,0,0,422,422,null,0,0,0
1616245624424,90,JoinServer,200,OK,LoadTesting 1-510,text,true,,0,0,422,422,null,0,0,0
1616245624369,145,JoinServer,200,OK,LoadTesting 1-460,text,true,,0,0,420,420,null,0,0,0
1616245624169,345,JoinServer,200,OK,LoadTesting 1-260,text,true,,0,0,420,420,null,0,0,0
1616245624424,91,JoinServer,200,OK,LoadTesting 1-511,text,true,,0,0,419,419,null,0,0,0
1616245624070,445,JoinServer,200,OK,LoadTesting 1-160,text,true,,0,0,418,418,null,0,0,0
1616245624424,91,JoinServer,200,OK,LoadTesting 1-512,text,true,,0,0,416,416,null,0,0,0
1616245624140,375,JoinServer,200,OK,LoadTesting 1-229,text,true,,0,0,416,416,null,0,0,0
1616245624273,242,JoinServer,200,OK,LoadTesting 1-364,text,true,,0,0,415,415,null,0,0,0
1616245624091,424,JoinServer,200,OK,LoadTesting 1-181,text,true,,0,0,414,414,null,0,0,0
1616245623975,540,JoinServer,200,OK,LoadTesting 1-65,text,true,,0,0,414,414,null,0,0,0
1616245624016,499,JoinServer,200,OK,LoadTesting 1-107,text,true,,0,0,412,412,null,0,0,0
1616245624285,230,JoinServer,200,OK,LoadTesting 1-376,text,true,,0,0,411,411,null,0,0,0
1616245624324,195,JoinServer,200,OK,LoadTesting 1-414,text,true,,0,0,412,412,null,0,0,0
1616245624383,137,JoinServer,200,OK,LoadTesting 1-474,text,true,,0,0,413,413,null,0,0,0
1616245624222,298,JoinServer,200,OK,LoadTesting 1-314,text,true,,0,0,412,412,null,0,0,0
1616245624385,135,JoinServer,200,OK,LoadTesting 1-475,text,true,,0,0,411,411,null,0,0,0
1616245624210,310,JoinServer,200,OK,LoadTesting 1-292,text,true,,0,0,409,409,null,0,0,0
1616245624045,475,JoinServer,200,OK,LoadTesting 1-136,text,true,,0,0,409,409,null,0,0,0
1616245624039,481,JoinServer,200,OK,LoadTesting 1-130,text,true,,0,0,407,407,null,0,0,0
1616245624109,411,JoinServer,200,OK,LoadTesting 1-199,text,true,,0,0,406,406,null,0,0,0
1616245624193,328,JoinServer,200,OK,LoadTesting 1-285,text,true,,0,0,407,407,null,0,0,0
1616245623921,599,JoinServer,200,OK,LoadTesting 1-12,text,true,,0,0,406,406,null,0,0,0
1616245624229,292,JoinServer,200,OK,LoadTesting 1-321,text,true,,0,0,406,406,null,0,0,0
1616245624234,287,JoinServer,200,OK,LoadTesting 1-326,text,true,,0,0,404,404,null,0,0,0
1616245624387,134,JoinServer,200,OK,LoadTesting 1-477,text,true,,0,0,404,404,null,0,0,0
1616245624424,97,JoinServer,200,OK,LoadTesting 1-509,text,true,,0,0,403,403,null,0,0,0
1616245624151,370,JoinServer,200,OK,LoadTesting 1-240,text,true,,0,0,402,402,null,0,0,0
1616245623989,532,JoinServer,200,OK,LoadTesting 1-80,text,true,,0,0,401,401,null,0,0,0
1616245624038,484,JoinServer,200,OK,LoadTesting 1-128,text,true,,0,0,401,401,null,0,0,0
1616245624425,97,JoinServer,200,OK,LoadTesting 1-513,text,true,,0,0,400,400,null,0,0,0
1616245624425,97,JoinServer,200,OK,LoadTesting 1-515,text,true,,0,0,399,399,null,0,0,0
1616245623968,554,JoinServer,200,OK,LoadTesting 1-59,text,true,,0,0,398,398,null,0,0,0
1616245624083,439,JoinServer,200,OK,LoadTesting 1-174,text,true,,0,0,396,396,null,0,0,0
1616245623990,532,JoinServer,200,OK,LoadTesting 1-81,text,true,,0,0,396,396,null,0,0,0
1616245624003,525,JoinServer,200,OK,LoadTesting 1-93,text,true,,0,0,400,400,null,0,0,0
1616245624102,426,JoinServer,200,OK,LoadTesting 1-193,text,true,,0,0,399,399,null,0,0,0
1616245624117,411,JoinServer,200,OK,LoadTesting 1-207,text,true,,0,0,398,398,null,0,0,0
1616245624424,104,JoinServer,200,OK,LoadTesting 1-502,text,true,,0,0,397,397,null,0,0,0
1616245624325,203,JoinServer,200,OK,LoadTesting 1-409,text,true,,0,0,397,397,null,0,0,0
1616245624424,105,JoinServer,200,OK,LoadTesting 1-508,text,true,,0,0,397,397,null,0,0,0
1616245624332,197,JoinServer,200,OK,LoadTesting 1-423,text,true,,0,0,396,396,null,0,0,0
1616245624393,136,JoinServer,200,OK,LoadTesting 1-480,text,true,,0,0,396,396,null,0,0,0
1616245624255,274,JoinServer,200,OK,LoadTesting 1-347,text,true,,0,0,396,396,null,0,0,0
1616245624131,398,JoinServer,200,OK,LoadTesting 1-222,text,true,,0,0,392,392,null,0,0,0
1616245624425,104,JoinServer,200,OK,LoadTesting 1-514,text,true,,0,0,391,391,null,0,0,0
1616245624393,136,JoinServer,200,OK,LoadTesting 1-482,text,true,,0,0,391,391,null,0,0,0
1616245624141,388,JoinServer,200,OK,LoadTesting 1-230,text,true,,0,0,389,389,null,0,0,0
1616245623946,582,JoinServer,200,OK,LoadTesting 1-37,text,true,,0,0,388,388,null,0,0,0
1616245624092,437,JoinServer,200,OK,LoadTesting 1-182,text,true,,0,0,388,388,null,0,0,0
1616245624142,387,JoinServer,200,OK,LoadTesting 1-232,text,true,,0,0,387,387,null,0,0,0
1616245624226,304,JoinServer,200,OK,LoadTesting 1-318,text,true,,0,0,386,386,null,0,0,0
1616245624357,175,JoinServer,200,OK,LoadTesting 1-448,text,true,,0,0,386,386,null,0,0,0
1616245624116,416,JoinServer,200,OK,LoadTesting 1-206,text,true,,0,0,386,386,null,0,0,0
1616245624030,502,JoinServer,200,OK,LoadTesting 1-121,text,true,,0,0,386,386,null,0,0,0
1616245624021,511,JoinServer,200,OK,LoadTesting 1-112,text,true,,0,0,383,383,null,0,0,0
1616245623985,547,JoinServer,200,OK,LoadTesting 1-76,text,true,,0,0,383,383,null,0,0,0
1616245624078,454,JoinServer,200,OK,LoadTesting 1-169,text,true,,0,0,382,382,null,0,0,0
1616245624066,467,JoinServer,200,OK,LoadTesting 1-157,text,true,,0,0,381,381,null,0,0,0
1616245623943,589,JoinServer,200,OK,LoadTesting 1-33,text,true,,0,0,380,380,null,0,0,0
1616245624172,361,JoinServer,200,OK,LoadTesting 1-263,text,true,,0,0,380,380,null,0,0,0
1616245624308,234,JoinServer,200,OK,LoadTesting 1-399,text,true,,0,0,388,388,null,0,0,0
1616245624126,417,JoinServer,200,OK,LoadTesting 1-216,text,true,,0,0,388,388,null,0,0,0
1616245624430,113,JoinServer,200,OK,LoadTesting 1-519,text,true,,0,0,386,386,null,0,0,0
1616245624252,291,JoinServer,200,OK,LoadTesting 1-344,text,true,,0,0,386,386,null,0,0,0
1616245624188,355,JoinServer,200,OK,LoadTesting 1-280,text,true,,0,0,385,385,null,0,0,0
1616245623940,602,JoinServer,200,OK,LoadTesting 1-25,text,true,,0,0,383,383,null,0,0,0
1616245624267,276,JoinServer,200,OK,LoadTesting 1-359,text,true,,0,0,382,382,null,0,0,0
1616245624051,492,JoinServer,200,OK,LoadTesting 1-141,text,true,,0,0,382,382,null,0,0,0
1616245623930,612,JoinServer,200,OK,LoadTesting 1-21,text,true,,0,0,381,381,null,0,0,0
1616245624191,353,JoinServer,200,OK,LoadTesting 1-282,text,true,,0,0,379,379,null,0,0,0
1616245624219,325,JoinServer,200,OK,LoadTesting 1-311,text,true,,0,0,379,379,null,0,0,0
1616245624300,244,JoinServer,200,OK,LoadTesting 1-392,text,true,,0,0,378,378,null,0,0,0
1616245624128,416,JoinServer,200,OK,LoadTesting 1-218,text,true,,0,0,378,378,null,0,0,0
1616245624112,433,JoinServer,200,OK,LoadTesting 1-201,text,true,,0,0,377,377,null,0,0,0
1616245624326,219,JoinServer,200,OK,LoadTesting 1-418,text,true,,0,0,377,377,null,0,0,0
1616245623966,579,JoinServer,200,OK,LoadTesting 1-56,text,true,,0,0,375,375,null,0,0,0
1616245624396,149,JoinServer,200,OK,LoadTesting 1-486,text,true,,0,0,375,375,null,0,0,0
1616245624243,302,JoinServer,200,OK,LoadTesting 1-335,text,true,,0,0,374,374,null,0,0,0
1616245624152,393,JoinServer,200,OK,LoadTesting 1-241,text,true,,0,0,372,372,null,0,0,0
1616245624291,254,JoinServer,200,OK,LoadTesting 1-383,text,true,,0,0,371,371,null,0,0,0
1616245624077,468,JoinServer,200,OK,LoadTesting 1-168,text,true,,0,0,370,370,null,0,0,0
1616245624122,423,JoinServer,200,OK,LoadTesting 1-211,text,true,,0,0,370,370,null,0,0,0
1616245624340,205,JoinServer,200,OK,LoadTesting 1-431,text,true,,0,0,368,368,null,0,0,0
1616245623954,591,JoinServer,200,OK,LoadTesting 1-45,text,true,,0,0,368,368,null,0,0,0
1616245624366,179,JoinServer,200,OK,LoadTesting 1-457,text,true,,0,0,368,368,null,0,0,0
1616245624162,384,JoinServer,200,OK,LoadTesting 1-252,text,true,,0,0,367,367,null,0,0,0
1616245624325,221,JoinServer,200,OK,LoadTesting 1-415,text,true,,0,0,367,367,null,0,0,0
1616245624275,271,JoinServer,200,OK,LoadTesting 1-367,text,true,,0,0,366,365,null,0,0,0
1616245624434,112,JoinServer,200,OK,LoadTesting 1-521,text,true,,0,0,364,364,null,0,0,0
1616245624156,390,JoinServer,200,OK,LoadTesting 1-246,text,true,,0,0,364,364,null,0,0,0
1616245624250,296,JoinServer,200,OK,LoadTesting 1-341,text,true,,0,0,362,362,null,0,0,0
1616245624338,208,JoinServer,200,OK,LoadTesting 1-430,text,true,,0,0,361,361,null,0,0,0
1616245624303,243,JoinServer,200,OK,LoadTesting 1-395,text,true,,0,0,361,361,null,0,0,0
1616245624230,316,JoinServer,200,OK,LoadTesting 1-322,text,true,,0,0,360,360,null,0,0,0
1616245624274,272,JoinServer,200,OK,LoadTesting 1-365,text,true,,0,0,359,359,null,0,0,0
1616245623981,566,JoinServer,200,OK,LoadTesting 1-72,text,true,,0,0,358,358,null,0,0,0
1616245624120,427,JoinServer,200,OK,LoadTesting 1-210,text,true,,0,0,358,358,null,0,0,0
1616245624334,213,JoinServer,200,OK,LoadTesting 1-426,text,true,,0,0,356,356,null,0,0,0
1616245624012,535,JoinServer,200,OK,LoadTesting 1-103,text,true,,0,0,355,355,null,0,0,0
1616245624155,392,JoinServer,200,OK,LoadTesting 1-245,text,true,,0,0,354,354,null,0,0,0
1616245623948,599,JoinServer,200,OK,LoadTesting 1-38,text,true,,0,0,353,353,null,0,0,0
1616245624076,471,JoinServer,200,OK,LoadTesting 1-167,text,true,,0,0,352,352,null,0,0,0
1616245624210,337,JoinServer,200,OK,LoadTesting 1-298,text,true,,0,0,352,352,null,0,0,0
1616245624220,327,JoinServer,200,OK,LoadTesting 1-312,text,true,,0,0,350,350,null,0,0,0
1616245624433,114,JoinServer,200,OK,LoadTesting 1-517,text,true,,0,0,350,350,null,0,0,0
1616245624278,270,JoinServer,200,OK,LoadTesting 1-370,text,true,,0,0,349,349,null,0,0,0
1616245624329,219,JoinServer,200,OK,LoadTesting 1-421,text,true,,0,0,349,349,null,0,0,0
1616245623993,555,JoinServer,200,OK,LoadTesting 1-84,text,true,,0,0,348,348,null,0,0,0
1616245624065,483,JoinServer,200,OK,LoadTesting 1-154,text,true,,0,0,347,347,null,0,0,0
1616245624265,283,JoinServer,200,OK,LoadTesting 1-357,text,true,,0,0,346,346,null,0,0,0
1616245624186,362,JoinServer,200,OK,LoadTesting 1-277,text,true,,0,0,344,344,null,0,0,0
1616245623987,561,JoinServer,200,OK,LoadTesting 1-78,text,true,,0,0,343,343,null,0,0,0
1616245624346,202,JoinServer,200,OK,LoadTesting 1-437,text,true,,0,0,343,343,null,0,0,0
1616245624436,112,JoinServer,200,OK,LoadTesting 1-524,text,true,,0,0,342,342,null,0,0,0
1616245624436,112,JoinServer,200,OK,LoadTesting 1-525,text,true,,0,0,342,342,null,0,0,0
1616245624162,387,JoinServer,200,OK,LoadTesting 1-253,text,true,,0,0,340,340,null,0,0,0
1616245624263,286,JoinServer,200,OK,LoadTesting 1-355,text,true,,0,0,339,339,null,0,0,0
1616245623930,618,JoinServer,200,OK,LoadTesting 1-17,text,true,,0,0,339,339,null,0,0,0
1616245624280,269,JoinServer,200,OK,LoadTesting 1-372,text,true,,0,0,337,337,null,0,0,0
1616245624056,493,JoinServer,200,OK,LoadTesting 1-146,text,true,,0,0,337,337,null,0,0,0
1616245624436,113,JoinServer,200,OK,LoadTesting 1-526,text,true,,0,0,336,336,null,0,0,0
1616245624096,453,JoinServer,200,OK,LoadTesting 1-187,text,true,,0,0,334,334,null,0,0,0
1616245624379,170,JoinServer,200,OK,LoadTesting 1-470,text,true,,0,0,333,333,null,0,0,0
1616245624069,480,JoinServer,200,OK,LoadTesting 1-159,text,true,,0,0,333,333,null,0,0,0
1616245624377,172,JoinServer,200,OK,LoadTesting 1-468,text,true,,0,0,332,331,null,0,0,0
1616245624364,186,JoinServer,200,OK,LoadTesting 1-455,text,true,,0,0,331,331,null,0,0,0
1616245624194,356,JoinServer,200,OK,LoadTesting 1-286,text,true,,0,0,330,330,null,0,0,0
1616245624238,312,JoinServer,200,OK,LoadTesting 1-330,text,true,,0,0,329,329,null,0,0,0
1616245624028,522,JoinServer,200,OK,LoadTesting 1-119,text,true,,0,0,329,328,null,0,0,0
1616245624068,482,JoinServer,200,OK,LoadTesting 1-158,text,true,,0,0,328,328,null,0,0,0
1616245624181,369,JoinServer,200,OK,LoadTesting 1-273,text,true,,0,0,326,326,null,0,0,0
1616245624355,195,JoinServer,200,OK,LoadTesting 1-443,text,true,,0,0,325,325,null,0,0,0
1616245624344,206,JoinServer,200,OK,LoadTesting 1-435,text,true,,0,0,324,324,null,0,0,0
1616245624114,436,JoinServer,200,OK,LoadTesting 1-204,text,true,,0,0,323,323,null,0,0,0
1616245623967,583,JoinServer,200,OK,LoadTesting 1-57,text,true,,0,0,323,323,null,0,0,0
1616245624345,206,JoinServer,200,OK,LoadTesting 1-436,text,true,,0,0,322,322,null,0,0,0
1616245624344,207,JoinServer,200,OK,LoadTesting 1-434,text,true,,0,0,321,321,null,0,0,0
1616245623986,565,JoinServer,200,OK,LoadTesting 1-77,text,true,,0,0,320,320,null,0,0,0
1616245623916,634,JoinServer,200,OK,LoadTesting 1-6,text,true,,0,0,319,319,null,0,0,0
1616245624429,122,JoinServer,200,OK,LoadTesting 1-518,text,true,,0,0,318,318,null,0,0,0
1616245624232,319,JoinServer,200,OK,LoadTesting 1-324,text,true,,0,0,317,317,null,0,0,0
1616245624431,120,JoinServer,200,OK,LoadTesting 1-520,text,true,,0,0,316,316,null,0,0,0
1616245624017,534,JoinServer,200,OK,LoadTesting 1-108,text,true,,0,0,315,315,null,0,0,0
1616245623950,601,JoinServer,200,OK,LoadTesting 1-40,text,true,,0,0,315,315,null,0,0,0
1616245624309,242,JoinServer,200,OK,LoadTesting 1-401,text,true,,0,0,314,314,null,0,0,0
1616245623962,590,JoinServer,200,OK,LoadTesting 1-53,text,true,,0,0,313,313,null,0,0,0
1616245624011,541,JoinServer,200,OK,LoadTesting 1-102,text,true,,0,0,313,313,null,0,0,0
1616245624173,379,JoinServer,200,OK,LoadTesting 1-264,text,true,,0,0,311,311,null,0,0,0
1616245624336,216,JoinServer,200,OK,LoadTesting 1-428,text,true,,0,0,311,311,null,0,0,0
1616245624293,259,JoinServer,200,OK,LoadTesting 1-385,text,true,,0,0,309,309,null,0,0,0
1616245624161,391,JoinServer,200,OK,LoadTesting 1-250,text,true,,0,0,309,309,null,0,0,0
1616245623921,630,JoinServer,200,OK,LoadTesting 1-11,text,true,,0,0,307,307,null,0,0,0
1616245623999,553,JoinServer,200,OK,LoadTesting 1-90,text,true,,0,0,307,307,null,0,0,0
1616245624427,125,JoinServer,200,OK,LoadTesting 1-516,text,true,,0,0,306,306,null,0,0,0
1616245623976,576,JoinServer,200,OK,LoadTesting 1-67,text,true,,0,0,304,304,null,0,0,0
1616245623930,621,JoinServer,200,OK,LoadTesting 1-19,text,true,,0,0,304,304,null,0,0,0
1616245624159,393,JoinServer,200,OK,LoadTesting 1-249,text,true,,0,0,303,303,null,0,0,0
1616245624176,376,JoinServer,200,OK,LoadTesting 1-267,text,true,,0,0,302,302,null,0,0,0
1616245624393,160,JoinServer,200,OK,LoadTesting 1-483,text,true,,0,0,300,300,null,0,0,0
1616245624010,543,JoinServer,200,OK,LoadTesting 1-101,text,true,,0,0,300,300,null,0,0,0
1616245624164,389,JoinServer,200,OK,LoadTesting 1-254,text,true,,0,0,298,298,null,0,0,0
1616245623944,608,JoinServer,200,OK,LoadTesting 1-35,text,true,,0,0,298,297,null,0,0,0
1616245624237,316,JoinServer,200,OK,LoadTesting 1-328,text,true,,0,0,297,297,null,0,0,0
1616245624440,113,JoinServer,200,OK,LoadTesting 1-529,text,true,,0,0,296,296,null,0,0,0
1616245624373,180,JoinServer,200,OK,LoadTesting 1-464,text,true,,0,0,294,294,null,0,0,0
1616245623940,612,JoinServer,200,OK,LoadTesting 1-26,text,true,,0,0,293,293,null,0,0,0
1616245624325,228,JoinServer,200,OK,LoadTesting 1-412,text,true,,0,0,292,292,null,0,0,0
1616245624371,182,JoinServer,200,OK,LoadTesting 1-462,text,true,,0,0,292,292,null,0,0,0
1616245624298,255,JoinServer,200,OK,LoadTesting 1-390,text,true,,0,0,291,291,null,0,0,0
1616245624046,507,JoinServer,200,OK,LoadTesting 1-137,text,true,,0,0,290,290,null,0,0,0
1616245624438,116,JoinServer,200,OK,LoadTesting 1-527,text,true,,0,0,290,290,null,0,0,0
1616245624238,316,JoinServer,200,OK,LoadTesting 1-329,text,true,,0,0,288,288,null,0,0,0
1616245623916,637,JoinServer,200,OK,LoadTesting 1-2,text,true,,0,0,288,288,null,0,0,0
1616245624019,535,JoinServer,200,OK,LoadTesting 1-110,text,true,,0,0,286,286,null,0,0,0
1616245624210,344,JoinServer,200,OK,LoadTesting 1-301,text,true,,0,0,285,285,null,0,0,0
1616245624026,528,JoinServer,200,OK,LoadTesting 1-117,text,true,,0,0,285,285,null,0,0,0
1616245624148,406,JoinServer,200,OK,LoadTesting 1-238,text,true,,0,0,284,284,null,0,0,0
1616245624123,431,JoinServer,200,OK,LoadTesting 1-213,text,true,,0,0,282,282,null,0,0,0
1616245624439,115,JoinServer,200,OK,LoadTesting 1-523,text,true,,0,0,282,282,null,0,0,0
1616245624332,222,JoinServer,200,OK,LoadTesting 1-424,text,true,,0,0,280,280,null,0,0,0
1616245624210,344,JoinServer,200,OK,LoadTesting 1-291,text,true,,0,0,281,281,null,0,0,0
1616245624341,214,JoinServer,200,OK,LoadTesting 1-432,text,true,,0,0,280,280,null,0,0,0
1616245624004,551,JoinServer,200,OK,LoadTesting 1-94,text,true,,0,0,280,280,null,0,0,0
1616245624438,117,JoinServer,200,OK,LoadTesting 1-522,text,true,,0,0,278,278,null,0,0,0
1616245624124,431,JoinServer,200,OK,LoadTesting 1-214,text,true,,0,0,278,278,null,0,0,0
1616245623984,571,JoinServer,200,OK,LoadTesting 1-74,text,true,,0,0,277,277,null,0,0,0
1616245624376,179,JoinServer,200,OK,LoadTesting 1-466,text,true,,0,0,276,276,null,0,0,0
1616245623998,557,JoinServer,200,OK,LoadTesting 1-89,text,true,,0,0,275,275,null,0,0,0
1616245624008,547,JoinServer,200,OK,LoadTesting 1-99,text,true,,0,0,273,273,null,0,0,0
1616245624210,345,JoinServer,200,OK,LoadTesting 1-295,text,true,,0,0,272,272,null,0,0,0
1616245624178,377,JoinServer,200,OK,LoadTesting 1-270,text,true,,0,0,272,272,null,0,0,0
1616245624035,520,JoinServer,200,OK,LoadTesting 1-126,text,true,,0,0,271,271,null,0,0,0
1616245624149,406,JoinServer,200,OK,LoadTesting 1-239,text,true,,0,0,271,271,null,0,0,0
1616245624307,249,JoinServer,200,OK,LoadTesting 1-398,text,true,,0,0,269,269,null,0,0,0
1616245624370,186,JoinServer,200,OK,LoadTesting 1-461,text,true,,0,0,268,268,null,0,0,0
1616245624314,242,JoinServer,200,OK,LoadTesting 1-406,text,true,,0,0,268,268,null,0,0,0
1616245624297,259,JoinServer,200,OK,LoadTesting 1-389,text,true,,0,0,266,266,null,0,0,0
1616245623930,625,JoinServer,200,OK,LoadTesting 1-16,text,true,,0,0,265,265,null,0,0,0
1616245624440,116,JoinServer,200,OK,LoadTesting 1-528,text,true,,0,0,264,264,null,0,0,0
1616245624235,321,JoinServer,200,OK,LoadTesting 1-327,text,true,,0,0,264,264,null,0,0,0
1616245624081,476,JoinServer,200,OK,LoadTesting 1-171,text,true,,0,0,264,264,null,0,0,0
1616245624440,117,JoinServer,200,OK,LoadTesting 1-530,text,true,,0,0,262,262,null,0,0,0
1616245623995,565,JoinServer,200,OK,LoadTesting 1-86,text,true,,0,0,264,264,null,0,0,0
1616245624189,371,JoinServer,200,OK,LoadTesting 1-281,text,true,,0,0,264,264,null,0,0,0
1616245624196,364,JoinServer,200,OK,LoadTesting 1-288,text,true,,0,0,264,264,null,0,0,0
1616245624095,469,JoinServer,200,OK,LoadTesting 1-177,text,true,,0,0,264,264,null,0,0,0
1616245624442,123,JoinServer,200,OK,LoadTesting 1-532,text,true,,0,0,265,265,null,0,0,0
1616245624100,465,JoinServer,200,OK,LoadTesting 1-190,text,true,,0,0,263,263,null,0,0,0
1616245624305,260,JoinServer,200,OK,LoadTesting 1-397,text,true,,0,0,262,262,null,0,0,0
1616245623992,573,JoinServer,200,OK,LoadTesting 1-82,text,true,,0,0,262,261,null,0,0,0
1616245624103,462,JoinServer,200,OK,LoadTesting 1-194,text,true,,0,0,260,260,null,0,0,0
1616245624167,398,JoinServer,200,OK,LoadTesting 1-258,text,true,,0,0,259,259,null,0,0,0
1616245623978,591,JoinServer,200,OK,LoadTesting 1-69,text,true,,0,0,263,263,null,0,0,0
1616245624442,127,JoinServer,200,OK,LoadTesting 1-531,text,true,,0,0,263,263,null,0,0,0
1616245624225,344,JoinServer,200,OK,LoadTesting 1-316,text,true,,0,0,263,263,null,0,0,0
1616245624259,310,JoinServer,200,OK,LoadTesting 1-351,text,true,,0,0,262,261,null,0,0,0
1616245623956,615,JoinServer,200,OK,LoadTesting 1-47,text,true,,0,0,261,261,null,0,0,0
1616245624443,129,JoinServer,200,OK,LoadTesting 1-533,text,true,,0,0,261,261,null,0,0,0
1616245624209,363,JoinServer,200,OK,LoadTesting 1-299,text,true,,0,0,260,260,null,0,0,0
1616245624260,312,JoinServer,200,OK,LoadTesting 1-352,text,true,,0,0,259,259,null,0,0,0
1616245624094,478,JoinServer,200,OK,LoadTesting 1-185,text,true,,0,0,259,258,null,0,0,0
1616245624301,271,JoinServer,200,OK,LoadTesting 1-393,text,true,,0,0,258,258,null,0,0,0
1616245624299,273,JoinServer,200,OK,LoadTesting 1-391,text,true,,0,0,256,256,null,0,0,0
1616245623967,605,JoinServer,200,OK,LoadTesting 1-58,text,true,,0,0,255,255,null,0,0,0
1616245624059,513,JoinServer,200,OK,LoadTesting 1-150,text,true,,0,0,255,255,null,0,0,0
1616245624262,310,JoinServer,200,OK,LoadTesting 1-353,text,true,,0,0,253,253,null,0,0,0
1616245624263,309,JoinServer,200,OK,LoadTesting 1-354,text,true,,0,0,253,253,null,0,0,0
1616245624042,531,JoinServer,200,OK,LoadTesting 1-133,text,true,,0,0,253,253,null,0,0,0
1616245623916,656,JoinServer,200,OK,LoadTesting 1-4,text,true,,0,0,251,251,null,0,0,0
1616245624192,381,JoinServer,200,OK,LoadTesting 1-283,text,true,,0,0,251,251,null,0,0,0
1616245624276,297,JoinServer,200,OK,LoadTesting 1-368,text,true,,0,0,250,250,null,0,0,0
1616245624210,363,JoinServer,200,OK,LoadTesting 1-293,text,true,,0,0,249,249,null,0,0,0
1616245624297,276,JoinServer,200,OK,LoadTesting 1-388,text,true,,0,0,247,247,null,0,0,0
1616245624031,542,JoinServer,200,OK,LoadTesting 1-122,text,true,,0,0,247,247,null,0,0,0
1616245624138,435,JoinServer,200,OK,LoadTesting 1-228,text,true,,0,0,246,246,null,0,0,0
1616245623945,628,JoinServer,200,OK,LoadTesting 1-36,text,true,,0,0,245,245,null,0,0,0
1616245623917,656,JoinServer,200,OK,LoadTesting 1-8,text,true,,0,0,244,244,null,0,0,0
1616245623940,633,JoinServer,200,OK,LoadTesting 1-29,text,true,,0,0,243,243,null,0,0,0
1616245623951,623,JoinServer,200,OK,LoadTesting 1-41,text,true,,0,0,242,242,null,0,0,0
1616245624362,212,JoinServer,200,OK,LoadTesting 1-452,text,true,,0,0,241,241,null,0,0,0
1616245624013,561,JoinServer,200,OK,LoadTesting 1-104,text,true,,0,0,240,240,null,0,0,0
1616245624254,320,JoinServer,200,OK,LoadTesting 1-346,text,true,,0,0,239,239,null,0,0,0
1616245624072,502,JoinServer,200,OK,LoadTesting 1-162,text,true,,0,0,238,238,null,0,0,0
1616245624325,249,JoinServer,200,OK,LoadTesting 1-408,text,true,,0,0,238,238,null,0,0,0
1616245624227,347,JoinServer,200,OK,LoadTesting 1-319,text,true,,0,0,236,236,null,0,0,0
1616245624394,181,JoinServer,200,OK,LoadTesting 1-484,text,true,,0,0,236,236,null,0,0,0
1616245624347,228,JoinServer,200,OK,LoadTesting 1-438,text,true,,0,0,235,235,null,0,0,0
1616245624210,365,JoinServer,200,OK,LoadTesting 1-300,text,true,,0,0,234,234,null,0,0,0
1616245624151,424,JoinServer,200,OK,LoadTesting 1-242,text,true,,0,0,233,233,null,0,0,0
1616245624388,188,JoinServer,200,OK,LoadTesting 1-478,text,true,,0,0,232,232,null,0,0,0
1616245624210,366,JoinServer,200,OK,LoadTesting 1-294,text,true,,0,0,232,232,null,0,0,0
1616245624043,533,JoinServer,200,OK,LoadTesting 1-134,text,true,,0,0,231,231,null,0,0,0
1616245624382,194,JoinServer,200,OK,LoadTesting 1-473,text,true,,0,0,231,231,null,0,0,0
1616245624231,345,JoinServer,200,OK,LoadTesting 1-323,text,true,,0,0,229,229,null,0,0,0
1616245624445,132,JoinServer,200,OK,LoadTesting 1-534,text,true,,0,0,228,228,null,0,0,0
1616245624250,327,JoinServer,200,OK,LoadTesting 1-342,text,true,,0,0,228,228,null,0,0,0
1616245623964,613,JoinServer,200,OK,LoadTesting 1-55,text,true,,0,0,228,228,null,0,0,0
1616245624186,391,JoinServer,200,OK,LoadTesting 1-276,text,true,,0,0,226,226,null,0,0,0
1616245624325,252,JoinServer,200,OK,LoadTesting 1-416,text,true,,0,0,224,224,null,0,0,0
1616245624210,370,JoinServer,200,OK,LoadTesting 1-297,text,true,,0,0,228,228,null,0,0,0
1616245624269,311,JoinServer,200,OK,LoadTesting 1-361,text,true,,0,0,228,228,null,0,0,0
1616245624360,220,JoinServer,200,OK,LoadTesting 1-449,text,true,,0,0,227,227,null,0,0,0
1616245624129,452,JoinServer,200,OK,LoadTesting 1-219,text,true,,0,0,225,225,null,0,0,0
1616245624007,574,JoinServer,200,OK,LoadTesting 1-98,text,true,,0,0,224,224,null,0,0,0
1616245624111,470,JoinServer,200,OK,LoadTesting 1-200,text,true,,0,0,223,223,null,0,0,0
1616245624097,484,JoinServer,200,OK,LoadTesting 1-188,text,true,,0,0,222,222,null,0,0,0
1616245624312,273,JoinServer,200,OK,LoadTesting 1-404,text,true,,0,0,225,225,null,0,0,0
1616245624027,558,JoinServer,200,OK,LoadTesting 1-118,text,true,,0,0,225,225,null,0,0,0
1616245624446,139,JoinServer,200,OK,LoadTesting 1-535,text,true,,0,0,224,224,null,0,0,0
1616245623985,600,JoinServer,200,OK,LoadTesting 1-75,text,true,,0,0,223,223,null,0,0,0
1616245624162,424,JoinServer,200,OK,LoadTesting 1-251,text,true,,0,0,222,222,null,0,0,0
1616245624158,428,JoinServer,200,OK,LoadTesting 1-248,text,true,,0,0,222,221,null,0,0,0
1616245623923,662,JoinServer,200,OK,LoadTesting 1-14,text,true,,0,0,221,221,null,0,0,0
1616245623916,670,JoinServer,200,OK,LoadTesting 1-7,text,true,,0,0,220,220,null,0,0,0
1616245624381,206,JoinServer,200,OK,LoadTesting 1-472,text,true,,0,0,220,220,null,0,0,0
1616245624349,238,JoinServer,200,OK,LoadTesting 1-440,text,true,,0,0,219,219,null,0,0,0
1616245624292,295,JoinServer,200,OK,LoadTesting 1-384,text,true,,0,0,218,218,null,0,0,0
1616245624325,262,JoinServer,200,OK,LoadTesting 1-417,text,true,,0,0,216,216,null,0,0,0
1616245624033,554,JoinServer,200,OK,LoadTesting 1-124,text,true,,0,0,216,216,null,0,0,0
1616245624355,232,JoinServer,200,OK,LoadTesting 1-446,text,true,,0,0,214,214,null,0,0,0
1616245624168,419,JoinServer,200,OK,LoadTesting 1-259,text,true,,0,0,215,215,null,0,0,0
1616245624315,272,JoinServer,200,OK,LoadTesting 1-407,text,true,,0,0,214,214,null,0,0,0
1616245624006,581,JoinServer,200,OK,LoadTesting 1-97,text,true,,0,0,213,213,null,0,0,0
1616245624228,360,JoinServer,200,OK,LoadTesting 1-320,text,true,,0,0,211,211,null,0,0,0
1616245624174,414,JoinServer,200,OK,LoadTesting 1-266,text,true,,0,0,211,211,null,0,0,0
1616245623943,644,JoinServer,200,OK,LoadTesting 1-32,text,true,,0,0,209,209,null,0,0,0
1616245623982,606,JoinServer,200,OK,LoadTesting 1-73,text,true,,0,0,208,208,null,0,0,0
1616245624060,528,JoinServer,200,OK,LoadTesting 1-151,text,true,,0,0,207,207,null,0,0,0
1616245624294,294,JoinServer,200,OK,LoadTesting 1-386,text,true,,0,0,206,206,null,0,0,0
1616245623959,630,JoinServer,200,OK,LoadTesting 1-49,text,true,,0,0,206,206,null,0,0,0
1616245624360,229,JoinServer,200,OK,LoadTesting 1-450,text,true,,0,0,206,206,null,0,0,0
1616245624032,557,JoinServer,200,OK,LoadTesting 1-123,text,true,,0,0,205,205,null,0,0,0
1616245624397,192,JoinServer,200,OK,LoadTesting 1-487,text,true,,0,0,204,204,null,0,0,0
1616245624144,445,JoinServer,200,OK,LoadTesting 1-234,text,true,,0,0,203,203,null,0,0,0
1616245624165,425,JoinServer,200,OK,LoadTesting 1-255,text,true,,0,0,202,202,null,0,0,0
1616245624034,556,JoinServer,200,OK,LoadTesting 1-125,text,true,,0,0,202,202,null,0,0,0
1616245624111,479,JoinServer,200,OK,LoadTesting 1-202,text,true,,0,0,202,202,null,0,0,0
1616245624310,280,JoinServer,200,OK,LoadTesting 1-402,text,true,,0,0,199,199,null,0,0,0
1616245623980,610,JoinServer,200,OK,LoadTesting 1-71,text,true,,0,0,198,198,null,0,0,0
1616245624217,373,JoinServer,200,OK,LoadTesting 1-309,text,true,,0,0,197,197,null,0,0,0
1616245624450,140,JoinServer,200,OK,LoadTesting 1-540,text,true,,0,0,196,196,null,0,0,0
1616245623959,631,JoinServer,200,OK,LoadTesting 1-50,text,true,,0,0,195,195,null,0,0,0
1616245624288,303,JoinServer,200,OK,LoadTesting 1-380,text,true,,0,0,194,194,null,0,0,0
1616245624062,529,JoinServer,200,OK,LoadTesting 1-152,text,true,,0,0,193,193,null,0,0,0
1616245623997,594,JoinServer,200,OK,LoadTesting 1-88,text,true,,0,0,192,192,null,0,0,0
1616245624211,380,JoinServer,200,OK,LoadTesting 1-302,text,true,,0,0,192,192,null,0,0,0
1616245624286,305,JoinServer,200,OK,LoadTesting 1-378,text,true,,0,0,190,190,null,0,0,0
1616245624302,289,JoinServer,200,OK,LoadTesting 1-394,text,true,,0,0,189,189,null,0,0,0
1616245624214,377,JoinServer,200,OK,LoadTesting 1-306,text,true,,0,0,189,189,null,0,0,0
1616245624342,249,JoinServer,200,OK,LoadTesting 1-433,text,true,,0,0,187,187,null,0,0,0
1616245624247,344,JoinServer,200,OK,LoadTesting 1-339,text,true,,0,0,186,186,null,0,0,0
1616245623974,617,JoinServer,200,OK,LoadTesting 1-64,text,true,,0,0,186,186,null,0,0,0
1616245623996,595,JoinServer,200,OK,LoadTesting 1-87,text,true,,0,0,185,185,null,0,0,0
1616245624018,573,JoinServer,200,OK,LoadTesting 1-109,text,true,,0,0,185,185,null,0,0,0
1616245624020,571,JoinServer,200,OK,LoadTesting 1-111,text,true,,0,0,183,183,null,0,0,0
1616245624449,143,JoinServer,200,OK,LoadTesting 1-539,text,true,,0,0,183,183,null,0,0,0
1616245624333,259,JoinServer,200,OK,LoadTesting 1-425,text,true,,0,0,181,181,null,0,0,0
1616245624169,423,JoinServer,200,OK,LoadTesting 1-261,text,true,,0,0,181,181,null,0,0,0
1616245623994,598,JoinServer,200,OK,LoadTesting 1-85,text,true,,0,0,179,179,null,0,0,0
1616245624246,346,JoinServer,200,OK,LoadTesting 1-338,text,true,,0,0,179,179,null,0,0,0
1616245624282,310,JoinServer,200,OK,LoadTesting 1-374,text,true,,0,0,177,177,null,0,0,0
1616245624285,307,JoinServer,200,OK,LoadTesting 1-377,text,true,,0,0,176,176,null,0,0,0
1616245624215,377,JoinServer,200,OK,LoadTesting 1-307,text,true,,0,0,175,175,null,0,0,0
1616245624365,227,JoinServer,200,OK,LoadTesting 1-456,text,true,,0,0,174,174,null,0,0,0
1616245623975,617,JoinServer,200,OK,LoadTesting 1-66,text,true,,0,0,173,173,null,0,0,0
1616245624378,214,JoinServer,200,OK,LoadTesting 1-469,text,true,,0,0,175,175,null,0,0,0
1616245624157,435,JoinServer,200,OK,LoadTesting 1-247,text,true,,0,0,173,173,null,0,0,0
1616245624195,398,JoinServer,200,OK,LoadTesting 1-287,text,true,,0,0,172,172,null,0,0,0
1616245624074,519,JoinServer,200,OK,LoadTesting 1-165,text,true,,0,0,172,172,null,0,0,0
1616245624089,504,JoinServer,200,OK,LoadTesting 1-179,text,true,,0,0,171,171,null,0,0,0
1616245623988,605,JoinServer,200,OK,LoadTesting 1-79,text,true,,0,0,170,170,null,0,0,0
1616245624041,552,JoinServer,200,OK,LoadTesting 1-132,text,true,,0,0,168,168,null,0,0,0
1616245624005,588,JoinServer,200,OK,LoadTesting 1-96,text,true,,0,0,168,168,null,0,0,0
1616245624143,450,JoinServer,200,OK,LoadTesting 1-233,text,true,,0,0,167,167,null,0,0,0
1616245624125,468,JoinServer,200,OK,LoadTesting 1-215,text,true,,0,0,165,165,null,0,0,0
1616245623916,676,JoinServer,200,OK,LoadTesting 1-1,text,true,,0,0,164,164,null,0,0,0
1616245623952,641,JoinServer,200,OK,LoadTesting 1-43,text,true,,0,0,164,164,null,0,0,0
1616245624083,510,JoinServer,200,OK,LoadTesting 1-173,text,true,,0,0,163,163,null,0,0,0
1616245624311,282,JoinServer,200,OK,LoadTesting 1-403,text,true,,0,0,162,162,null,0,0,0
1616245624447,146,JoinServer,200,OK,LoadTesting 1-537,text,true,,0,0,161,161,null,0,0,0
1616245624130,464,JoinServer,200,OK,LoadTesting 1-220,text,true,,0,0,160,160,null,0,0,0
1616245624240,354,JoinServer,200,OK,LoadTesting 1-332,text,true,,0,0,159,159,null,0,0,0
1616245624446,148,JoinServer,200,OK,LoadTesting 1-536,text,true,,0,0,158,158,null,0,0,0
1616245624145,449,JoinServer,200,OK,LoadTesting 1-235,text,true,,0,0,157,157,null,0,0,0
1616245624127,467,JoinServer,200,OK,LoadTesting 1-217,text,true,,0,0,156,156,null,0,0,0
1616245624107,487,JoinServer,200,OK,LoadTesting 1-197,text,true,,0,0,155,155,null,0,0,0
1616245624221,375,JoinServer,200,OK,LoadTesting 1-313,text,true,,0,0,156,156,null,0,0,0
1616245624264,332,JoinServer,200,OK,LoadTesting 1-356,text,true,,0,0,156,156,null,0,0,0
1616245624130,466,JoinServer,200,OK,LoadTesting 1-221,text,true,,0,0,154,154,null,0,0,0
1616245624136,460,JoinServer,200,OK,LoadTesting 1-227,text,true,,0,0,154,154,null,0,0,0
1616245624451,145,JoinServer,200,OK,LoadTesting 1-541,text,true,,0,0,152,152,null,0,0,0
1616245624452,144,JoinServer,200,OK,LoadTesting 1-542,text,true,,0,0,152,152,null,0,0,0
1616245624266,330,JoinServer,200,OK,LoadTesting 1-358,text,true,,0,0,151,151,null,0,0,0
1616245624218,378,JoinServer,200,OK,LoadTesting 1-310,text,true,,0,0,149,149,null,0,0,0
1616245624166,430,JoinServer,200,OK,LoadTesting 1-256,text,true,,0,0,150,150,null,0,0,0
1616245624453,144,JoinServer,200,OK,LoadTesting 1-543,text,true,,0,0,148,148,null,0,0,0
1616245623930,666,JoinServer,200,OK,LoadTesting 1-20,text,true,,0,0,147,147,null,0,0,0
1616245624448,149,JoinServer,200,OK,LoadTesting 1-538,text,true,,0,0,146,146,null,0,0,0
1616245624456,144,JoinServer,200,OK,LoadTesting 1-545,text,true,,0,0,148,148,null,0,0,0
1616245624457,143,JoinServer,200,OK,LoadTesting 1-547,text,true,,0,0,148,148,null,0,0,0
1616245624313,287,JoinServer,200,OK,LoadTesting 1-405,text,true,,0,0,147,147,null,0,0,0
1616245624455,145,JoinServer,200,OK,LoadTesting 1-544,text,true,,0,0,146,146,null,0,0,0
1616245624459,142,JoinServer,200,OK,LoadTesting 1-549,text,true,,0,0,145,145,null,0,0,0
1616245624460,149,JoinServer,200,OK,LoadTesting 1-550,text,true,,0,0,153,153,null,0,0,0
1616245624456,154,JoinServer,200,OK,LoadTesting 1-546,text,true,,0,0,152,152,null,0,0,0
1616245624462,148,JoinServer,200,OK,LoadTesting 1-552,text,true,,0,0,151,151,null,0,0,0
1616245624458,152,JoinServer,200,OK,LoadTesting 1-548,text,true,,0,0,150,150,null,0,0,0
1616245624461,149,JoinServer,200,OK,LoadTesting 1-551,text,true,,0,0,149,149,null,0,0,0
1616245624463,147,JoinServer,200,OK,LoadTesting 1-553,text,true,,0,0,149,149,null,0,0,0
1616245624464,147,JoinServer,200,OK,LoadTesting 1-554,text,true,,0,0,148,148,null,0,0,0
1616245624465,146,JoinServer,200,OK,LoadTesting 1-555,text,true,,0,0,147,147,null,0,0,0
1616245624467,166,JoinServer,200,OK,LoadTesting 1-556,text,true,,0,0,169,169,null,0,0,0
1616245624468,174,JoinServer,200,OK,LoadTesting 1-557,text,true,,0,0,176,176,null,0,0,0
1616245624470,172,JoinServer,200,OK,LoadTesting 1-560,text,true,,0,0,176,176,null,0,0,0
1616245624469,178,JoinServer,200,OK,LoadTesting 1-559,text,true,,0,0,179,179,null,0,0,0
1616245624468,181,JoinServer,200,OK,LoadTesting 1-558,text,true,,0,0,181,181,null,0,0,0
1616245624471,181,JoinServer,200,OK,LoadTesting 1-561,text,true,,0,0,182,182,null,0,0,0
1616245624472,180,JoinServer,200,OK,LoadTesting 1-562,text,true,,0,0,182,182,null,0,0,0
1616245624474,178,JoinServer,200,OK,LoadTesting 1-564,text,true,,0,0,180,180,null,0,0,0
1616245624473,180,JoinServer,200,OK,LoadTesting 1-563,text,true,,0,0,179,179,null,0,0,0
1616245624476,180,JoinServer,200,OK,LoadTesting 1-566,text,true,,0,0,183,183,null,0,0,0
1616245624476,180,JoinServer,200,OK,LoadTesting 1-565,text,true,,0,0,182,182,null,0,0,0
1616245624478,179,JoinServer,200,OK,LoadTesting 1-568,text,true,,0,0,181,181,null,0,0,0
1616245624477,180,JoinServer,200,OK,LoadTesting 1-567,text,true,,0,0,180,180,null,0,0,0
1616245624479,178,JoinServer,200,OK,LoadTesting 1-569,text,true,,0,0,179,179,null,0,0,0
1616245624481,176,JoinServer,200,OK,LoadTesting 1-571,text,true,,0,0,178,178,null,0,0,0
1616245624481,176,JoinServer,200,OK,LoadTesting 1-570,text,true,,0,0,177,177,null,0,0,0
1616245624482,175,JoinServer,200,OK,LoadTesting 1-572,text,true,,0,0,177,177,null,0,0,0
1616245624485,177,JoinServer,200,OK,LoadTesting 1-575,text,true,,0,0,180,180,null,0,0,0
1616245624484,178,JoinServer,200,OK,LoadTesting 1-574,text,true,,0,0,179,179,null,0,0,0
1616245624486,181,JoinServer,200,OK,LoadTesting 1-576,text,true,,0,0,182,182,null,0,0,0
1616245624487,180,JoinServer,200,OK,LoadTesting 1-577,text,true,,0,0,182,182,null,0,0,0
1616245624488,180,JoinServer,200,OK,LoadTesting 1-578,text,true,,0,0,181,181,null,0,0,0
1616245624483,185,JoinServer,200,OK,LoadTesting 1-573,text,true,,0,0,180,180,null,0,0,0
1616245624489,179,JoinServer,200,OK,LoadTesting 1-579,text,true,,0,0,179,179,null,0,0,0
1616245624491,177,JoinServer,200,OK,LoadTesting 1-581,text,true,,0,0,178,178,null,0,0,0
1616245624490,178,JoinServer,200,OK,LoadTesting 1-580,text,true,,0,0,177,177,null,0,0,0
1616245624493,180,JoinServer,200,OK,LoadTesting 1-582,text,true,,0,0,182,182,null,0,0,0
1616245624494,179,JoinServer,200,OK,LoadTesting 1-583,text,true,,0,0,181,181,null,0,0,0
1616245624494,179,JoinServer,200,OK,LoadTesting 1-584,text,true,,0,0,181,181,null,0,0,0
1616245624495,178,JoinServer,200,OK,LoadTesting 1-585,text,true,,0,0,180,180,null,0,0,0
1616245624496,182,JoinServer,200,OK,LoadTesting 1-586,text,true,,0,0,183,183,null,0,0,0
1616245624497,184,JoinServer,200,OK,LoadTesting 1-587,text,true,,0,0,185,185,null,0,0,0
1616245624499,194,JoinServer,200,OK,LoadTesting 1-589,text,true,,0,0,196,196,null,0,0,0
1616245624498,195,JoinServer,200,OK,LoadTesting 1-588,text,true,,0,0,196,196,null,0,0,0
1616245624500,205,JoinServer,200,OK,LoadTesting 1-590,text,true,,0,0,207,207,null,0,0,0
1616245624502,214,JoinServer,200,OK,LoadTesting 1-592,text,true,,0,0,217,217,null,0,0,0
1616245624504,213,JoinServer,200,OK,LoadTesting 1-594,text,true,,0,0,216,216,null,0,0,0
1616245624501,216,JoinServer,200,OK,LoadTesting 1-591,text,true,,0,0,215,215,null,0,0,0
1616245624503,215,JoinServer,200,OK,LoadTesting 1-593,text,true,,0,0,215,215,null,0,0,0
1616245624505,213,JoinServer,200,OK,LoadTesting 1-595,text,true,,0,0,215,215,null,0,0,0
1616245624507,218,JoinServer,200,OK,LoadTesting 1-596,text,true,,0,0,221,221,null,0,0,0
1616245624511,215,JoinServer,200,OK,LoadTesting 1-601,text,true,,0,0,221,221,null,0,0,0
1616245624508,218,JoinServer,200,OK,LoadTesting 1-598,text,true,,0,0,220,220,null,0,0,0
1616245624511,215,JoinServer,200,OK,LoadTesting 1-602,text,true,,0,0,219,219,null,0,0,0
1616245624508,218,JoinServer,200,OK,LoadTesting 1-597,text,true,,0,0,219,219,null,0,0,0
1616245624509,221,JoinServer,200,OK,LoadTesting 1-599,text,true,,0,0,220,220,null,0,0,0
1616245624513,218,JoinServer,200,OK,LoadTesting 1-603,text,true,,0,0,221,221,null,0,0,0
1616245624510,222,JoinServer,200,OK,LoadTesting 1-600,text,true,,0,0,221,221,null,0,0,0
1616245624514,219,JoinServer,200,OK,LoadTesting 1-604,text,true,,0,0,221,221,null,0,0,0
1616245624517,220,JoinServer,200,OK,LoadTesting 1-607,text,true,,0,0,224,224,null,0,0,0
1616245624515,222,JoinServer,200,OK,LoadTesting 1-605,text,true,,0,0,223,223,null,0,0,0
1616245624518,220,JoinServer,200,OK,LoadTesting 1-608,text,true,,0,0,222,222,null,0,0,0
1616245624520,218,JoinServer,200,OK,LoadTesting 1-609,text,true,,0,0,221,221,null,0,0,0
1616245624515,224,JoinServer,200,OK,LoadTesting 1-606,text,true,,0,0,221,221,null,0,0,0
1616245624521,220,JoinServer,200,OK,LoadTesting 1-610,text,true,,0,0,222,222,null,0,0,0
1616245624521,220,JoinServer,200,OK,LoadTesting 1-611,text,true,,0,0,221,221,null,0,0,0
1616245624521,221,JoinServer,200,OK,LoadTesting 1-612,text,true,,0,0,221,221,null,0,0,0
1616245624523,219,JoinServer,200,OK,LoadTesting 1-614,text,true,,0,0,221,221,null,0,0,0
1616245624524,218,JoinServer,200,OK,LoadTesting 1-615,text,true,,0,0,220,220,null,0,0,0
1616245624522,220,JoinServer,200,OK,LoadTesting 1-613,text,true,,0,0,219,219,null,0,0,0
1616245624527,215,JoinServer,200,OK,LoadTesting 1-618,text,true,,0,0,218,218,null,0,0,0
1616245624525,217,JoinServer,200,OK,LoadTesting 1-616,text,true,,0,0,217,217,null,0,0,0
1616245624526,216,JoinServer,200,OK,LoadTesting 1-617,text,true,,0,0,216,216,null,0,0,0
1616245624530,217,JoinServer,200,OK,LoadTesting 1-620,text,true,,0,0,219,219,null,0,0,0
1616245624528,219,JoinServer,200,OK,LoadTesting 1-619,text,true,,0,0,219,219,null,0,0,0
1616245624530,220,JoinServer,200,OK,LoadTesting 1-621,text,true,,0,0,220,220,null,0,0,0
1616245624533,218,JoinServer,200,OK,LoadTesting 1-622,text,true,,0,0,220,220,null,0,0,0
1616245624535,216,JoinServer,200,OK,LoadTesting 1-626,text,true,,0,0,219,219,null,0,0,0
1616245624533,219,JoinServer,200,OK,LoadTesting 1-623,text,true,,0,0,218,218,null,0,0,0
1616245624541,211,JoinServer,200,OK,LoadTesting 1-632,text,true,,0,0,218,218,null,0,0,0
1616245624538,214,JoinServer,200,OK,LoadTesting 1-628,text,true,,0,0,217,217,null,0,0,0
1616245624539,213,JoinServer,200,OK,LoadTesting 1-630,text,true,,0,0,216,216,null,0,0,0
1616245624534,218,JoinServer,200,OK,LoadTesting 1-625,text,true,,0,0,215,215,null,0,0,0
1616245624540,212,JoinServer,200,OK,LoadTesting 1-631,text,true,,0,0,214,214,null,0,0,0
1616245624533,219,JoinServer,200,OK,LoadTesting 1-624,text,true,,0,0,213,213,null,0,0,0
1616245624539,213,JoinServer,200,OK,LoadTesting 1-629,text,true,,0,0,212,212,null,0,0,0
1616245624536,217,JoinServer,200,OK,LoadTesting 1-627,text,true,,0,0,211,211,null,0,0,0
1616245624545,224,JoinServer,200,OK,LoadTesting 1-635,text,true,,0,0,226,226,null,0,0,0
1616245624545,225,JoinServer,200,OK,LoadTesting 1-636,text,true,,0,0,226,226,null,0,0,0
1616245624544,227,JoinServer,200,OK,LoadTesting 1-633,text,true,,0,0,226,226,null,0,0,0
1616245624544,227,JoinServer,200,OK,LoadTesting 1-634,text,true,,0,0,226,226,null,0,0,0
1616245624547,229,JoinServer,200,OK,LoadTesting 1-638,text,true,,0,0,230,230,null,0,0,0
1616245624546,230,JoinServer,200,OK,LoadTesting 1-637,text,true,,0,0,229,229,null,0,0,0
1616245624548,228,JoinServer,200,OK,LoadTesting 1-639,text,true,,0,0,228,228,null,0,0,0
1616245624549,232,JoinServer,200,OK,LoadTesting 1-640,text,true,,0,0,232,232,null,0,0,0
1616245624550,231,JoinServer,200,OK,LoadTesting 1-641,text,true,,0,0,231,231,null,0,0,0
1616245624551,232,JoinServer,200,OK,LoadTesting 1-642,text,true,,0,0,231,231,null,0,0,0
1616245624554,230,JoinServer,200,OK,LoadTesting 1-644,text,true,,0,0,232,232,null,0,0,0
1616245624553,231,JoinServer,200,OK,LoadTesting 1-643,text,true,,0,0,231,231,null,0,0,0
1616245624555,230,JoinServer,200,OK,LoadTesting 1-646,text,true,,0,0,230,230,null,0,0,0
1616245624554,231,JoinServer,200,OK,LoadTesting 1-645,text,true,,0,0,230,230,null,0,0,0
1616245624557,229,JoinServer,200,OK,LoadTesting 1-647,text,true,,0,0,229,229,null,0,0,0
1616245624557,229,JoinServer,200,OK,LoadTesting 1-648,text,true,,0,0,229,229,null,0,0,0
1616245624559,227,JoinServer,200,OK,LoadTesting 1-650,text,true,,0,0,228,228,null,0,0,0
1616245624562,224,JoinServer,200,OK,LoadTesting 1-653,text,true,,0,0,227,227,null,0,0,0
1616245624560,226,JoinServer,200,OK,LoadTesting 1-651,text,true,,0,0,226,226,null,0,0,0
1616245624558,231,JoinServer,200,OK,LoadTesting 1-649,text,true,,0,0,227,227,null,0,0,0
1616245624561,228,JoinServer,200,OK,LoadTesting 1-652,text,true,,0,0,227,227,null,0,0,0
1616245624566,223,JoinServer,200,OK,LoadTesting 1-657,text,true,,0,0,226,226,null,0,0,0
1616245624567,222,JoinServer,200,OK,LoadTesting 1-658,text,true,,0,0,225,225,null,0,0,0
1616245624565,224,JoinServer,200,OK,LoadTesting 1-655,text,true,,0,0,224,224,null,0,0,0
1616245624568,227,JoinServer,200,OK,LoadTesting 1-659,text,true,,0,0,229,229,null,0,0,0
1616245624565,230,JoinServer,200,OK,LoadTesting 1-656,text,true,,0,0,228,228,null,0,0,0
1616245624564,231,JoinServer,200,OK,LoadTesting 1-654,text,true,,0,0,227,227,null,0,0,0
1616245624569,226,JoinServer,200,OK,LoadTesting 1-660,text,true,,0,0,226,226,null,0,0,0
1616245624570,225,JoinServer,200,OK,LoadTesting 1-661,text,true,,0,0,225,225,null,0,0,0
1616245624571,224,JoinServer,200,OK,LoadTesting 1-662,text,true,,0,0,224,224,null,0,0,0
1616245624572,226,JoinServer,200,OK,LoadTesting 1-663,text,true,,0,0,225,225,null,0,0,0
1616245624575,223,JoinServer,200,OK,LoadTesting 1-665,text,true,,0,0,225,225,null,0,0,0
1616245624578,220,JoinServer,200,OK,LoadTesting 1-668,text,true,,0,0,223,223,null,0,0,0
1616245624579,224,JoinServer,200,OK,LoadTesting 1-670,text,true,,0,0,228,228,null,0,0,0
1616245624573,231,JoinServer,200,OK,LoadTesting 1-664,text,true,,0,0,228,228,null,0,0,0
1616245624578,226,JoinServer,200,OK,LoadTesting 1-669,text,true,,0,0,227,227,null,0,0,0
1616245624576,228,JoinServer,200,OK,LoadTesting 1-666,text,true,,0,0,226,226,null,0,0,0
1616245624577,228,JoinServer,200,OK,LoadTesting 1-667,text,true,,0,0,225,225,null,0,0,0
1616245624583,222,JoinServer,200,OK,LoadTesting 1-674,text,true,,0,0,225,225,null,0,0,0
1616245624580,225,JoinServer,200,OK,LoadTesting 1-671,text,true,,0,0,224,224,null,0,0,0
1616245624582,223,JoinServer,200,OK,LoadTesting 1-673,text,true,,0,0,223,223,null,0,0,0
1616245624581,224,JoinServer,200,OK,LoadTesting 1-672,text,true,,0,0,223,223,null,0,0,0
1616245624584,222,JoinServer,200,OK,LoadTesting 1-675,text,true,,0,0,221,221,null,0,0,0
1616245624585,222,JoinServer,200,OK,LoadTesting 1-676,text,true,,0,0,222,222,null,0,0,0
1616245624587,221,JoinServer,200,OK,LoadTesting 1-678,text,true,,0,0,221,221,null,0,0,0
1616245624586,222,JoinServer,200,OK,LoadTesting 1-677,text,true,,0,0,220,220,null,0,0,0
1616245624588,221,JoinServer,200,OK,LoadTesting 1-679,text,true,,0,0,221,221,null,0,0,0
1616245624592,227,JoinServer,200,OK,LoadTesting 1-682,text,true,,0,0,230,230,null,0,0,0
1616245624589,230,JoinServer,200,OK,LoadTesting 1-680,text,true,,0,0,230,230,null,0,0,0
1616245624591,229,JoinServer,200,OK,LoadTesting 1-681,text,true,,0,0,229,229,null,0,0,0
1616245624593,227,JoinServer,200,OK,LoadTesting 1-684,text,true,,0,0,229,229,null,0,0,0
1616245624592,228,JoinServer,200,OK,LoadTesting 1-683,text,true,,0,0,227,227,null,0,0,0
1616245624594,231,JoinServer,200,OK,LoadTesting 1-685,text,true,,0,0,231,231,null,0,0,0
1616245624597,232,JoinServer,200,OK,LoadTesting 1-687,text,true,,0,0,234,234,null,0,0,0
1616245624596,233,JoinServer,200,OK,LoadTesting 1-686,text,true,,0,0,233,233,null,0,0,0
1616245624598,231,JoinServer,200,OK,LoadTesting 1-689,text,true,,0,0,232,232,null,0,0,0
1616245624597,237,JoinServer,200,OK,LoadTesting 1-688,text,true,,0,0,236,236,null,0,0,0
1616245624603,231,JoinServer,200,OK,LoadTesting 1-693,text,true,,0,0,236,236,null,0,0,0
1616245624604,231,JoinServer,200,OK,LoadTesting 1-695,text,true,,0,0,234,234,null,0,0,0
1616245624599,236,JoinServer,200,OK,LoadTesting 1-690,text,true,,0,0,234,234,null,0,0,0
1616245624600,235,JoinServer,200,OK,LoadTesting 1-691,text,true,,0,0,233,233,null,0,0,0
1616245624604,231,JoinServer,200,OK,LoadTesting 1-694,text,true,,0,0,232,232,null,0,0,0
1616245624606,232,JoinServer,200,OK,LoadTesting 1-697,text,true,,0,0,234,234,null,0,0,0
1616245624605,233,JoinServer,200,OK,LoadTesting 1-696,text,true,,0,0,233,233,null,0,0,0
1616245624601,237,JoinServer,200,OK,LoadTesting 1-692,text,true,,0,0,232,232,null,0,0,0
1616245624607,231,JoinServer,200,OK,LoadTesting 1-698,text,true,,0,0,231,231,null,0,0,0
1616245624609,229,JoinServer,200,OK,LoadTesting 1-700,text,true,,0,0,230,230,null,0,0,0
1616245624608,231,JoinServer,200,OK,LoadTesting 1-699,text,true,,0,0,229,229,null,0,0,0
1616245624611,231,JoinServer,200,OK,LoadTesting 1-702,text,true,,0,0,232,232,null,0,0,0
1616245624614,229,JoinServer,200,OK,LoadTesting 1-704,text,true,,0,0,232,232,null,0,0,0
1616245624615,228,JoinServer,200,OK,LoadTesting 1-705,text,true,,0,0,230,230,null,0,0,0
1616245624618,225,JoinServer,200,OK,LoadTesting 1-709,text,true,,0,0,229,229,null,0,0,0
1616245624620,223,JoinServer,200,OK,LoadTesting 1-711,text,true,,0,0,228,228,null,0,0,0
1616245624625,218,JoinServer,200,OK,LoadTesting 1-716,text,true,,0,0,227,227,null,0,0,0
1616245624622,221,JoinServer,200,OK,LoadTesting 1-713,text,true,,0,0,226,226,null,0,0,0
1616245624624,219,JoinServer,200,OK,LoadTesting 1-715,text,true,,0,0,225,225,null,0,0,0
1616245624628,215,JoinServer,200,OK,LoadTesting 1-718,text,true,,0,0,224,224,null,0,0,0
1616245624629,214,JoinServer,200,OK,LoadTesting 1-720,text,true,,0,0,223,223,null,0,0,0
1616245624613,232,JoinServer,200,OK,LoadTesting 1-703,text,true,,0,0,225,225,null,0,0,0
1616245624627,218,JoinServer,200,OK,LoadTesting 1-717,text,true,,0,0,225,225,null,0,0,0
1616245624628,217,JoinServer,200,OK,LoadTesting 1-719,text,true,,0,0,223,223,null,0,0,0
1616245624623,222,JoinServer,200,OK,LoadTesting 1-714,text,true,,0,0,222,222,null,0,0,0
1616245624621,225,JoinServer,200,OK,LoadTesting 1-712,text,true,,0,0,221,221,null,0,0,0
1616245624619,227,JoinServer,200,OK,LoadTesting 1-710,text,true,,0,0,221,221,null,0,0,0
1616245624617,229,JoinServer,200,OK,LoadTesting 1-708,text,true,,0,0,220,220,null,0,0,0
1616245624616,230,JoinServer,200,OK,LoadTesting 1-707,text,true,,0,0,219,219,null,0,0,0
1616245624610,236,JoinServer,200,OK,LoadTesting 1-701,text,true,,0,0,218,218,null,0,0,0
1616245624615,231,JoinServer,200,OK,LoadTesting 1-706,text,true,,0,0,217,217,null,0,0,0
1616245624632,214,JoinServer,200,OK,LoadTesting 1-723,text,true,,0,0,216,216,null,0,0,0
1616245624630,216,JoinServer,200,OK,LoadTesting 1-721,text,true,,0,0,216,216,null,0,0,0
1616245624636,211,JoinServer,200,OK,LoadTesting 1-727,text,true,,0,0,214,214,null,0,0,0
1616245624637,210,JoinServer,200,OK,LoadTesting 1-728,text,true,,0,0,214,214,null,0,0,0
1616245624631,216,JoinServer,200,OK,LoadTesting 1-722,text,true,,0,0,213,213,null,0,0,0
1616245624640,207,JoinServer,200,OK,LoadTesting 1-730,text,true,,0,0,212,212,null,0,0,0
1616245624641,206,JoinServer,200,OK,LoadTesting 1-732,text,true,,0,0,211,211,null,0,0,0
1616245624643,204,JoinServer,200,OK,LoadTesting 1-734,text,true,,0,0,210,210,null,0,0,0
1616245624635,212,JoinServer,200,OK,LoadTesting 1-726,text,true,,0,0,209,209,null,0,0,0
1616245624639,208,JoinServer,200,OK,LoadTesting 1-729,text,true,,0,0,208,208,null,0,0,0
1616245624645,202,JoinServer,200,OK,LoadTesting 1-736,text,true,,0,0,207,207,null,0,0,0
1616245624641,206,JoinServer,200,OK,LoadTesting 1-731,text,true,,0,0,206,206,null,0,0,0
1616245624634,214,JoinServer,200,OK,LoadTesting 1-725,text,true,,0,0,205,205,null,0,0,0
1616245624654,196,JoinServer,200,OK,LoadTesting 1-744,text,true,,0,0,207,207,null,0,0,0
1616245624649,201,JoinServer,200,OK,LoadTesting 1-740,text,true,,0,0,207,207,null,0,0,0
1616245624647,203,JoinServer,200,OK,LoadTesting 1-738,text,true,,0,0,205,205,null,0,0,0
1616245624655,195,JoinServer,200,OK,LoadTesting 1-746,text,true,,0,0,204,204,null,0,0,0
1616245624633,219,JoinServer,200,OK,LoadTesting 1-724,text,true,,0,0,205,205,null,0,0,0
1616245624653,199,JoinServer,200,OK,LoadTesting 1-743,text,true,,0,0,205,205,null,0,0,0
1616245624655,197,JoinServer,200,OK,LoadTesting 1-745,text,true,,0,0,205,205,null,0,0,0
1616245624648,204,JoinServer,200,OK,LoadTesting 1-739,text,true,,0,0,202,202,null,0,0,0
1616245624646,206,JoinServer,200,OK,LoadTesting 1-737,text,true,,0,0,201,201,null,0,0,0
1616245624644,208,JoinServer,200,OK,LoadTesting 1-735,text,true,,0,0,200,200,null,0,0,0
1616245624642,211,JoinServer,200,OK,LoadTesting 1-733,text,true,,0,0,200,200,null,0,0,0
1616245624650,203,JoinServer,200,OK,LoadTesting 1-741,text,true,,0,0,199,199,null,0,0,0
1616245624657,196,JoinServer,200,OK,LoadTesting 1-748,text,true,,0,0,198,198,null,0,0,0
1616245624656,197,JoinServer,200,OK,LoadTesting 1-747,text,true,,0,0,197,197,null,0,0,0
1616245624651,205,JoinServer,200,OK,LoadTesting 1-742,text,true,,0,0,199,199,null,0,0,0
1616245624659,198,JoinServer,200,OK,LoadTesting 1-750,text,true,,0,0,199,199,null,0,0,0
1616245624660,197,JoinServer,200,OK,LoadTesting 1-751,text,true,,0,0,198,198,null,0,0,0
1616245624658,199,JoinServer,200,OK,LoadTesting 1-749,text,true,,0,0,197,197,null,0,0,0
1616245624661,196,JoinServer,200,OK,LoadTesting 1-752,text,true,,0,0,196,196,null,0,0,0
1616245624662,199,JoinServer,200,OK,LoadTesting 1-753,text,true,,0,0,198,198,null,0,0,0
1616245624663,202,JoinServer,200,OK,LoadTesting 1-754,text,true,,0,0,202,202,null,0,0,0
1616245624664,201,JoinServer,200,OK,LoadTesting 1-755,text,true,,0,0,201,201,null,0,0,0
1616245624667,226,JoinServer,200,OK,LoadTesting 1-757,text,true,,0,0,226,226,null,0,0,0
1616245624665,233,JoinServer,200,OK,LoadTesting 1-756,text,true,,0,0,232,232,null,0,0,0
1616245624668,230,JoinServer,200,OK,LoadTesting 1-758,text,true,,0,0,232,232,null,0,0,0
1616245624669,230,JoinServer,200,OK,LoadTesting 1-760,text,true,,0,0,230,230,null,0,0,0
1616245624670,270,JoinServer,200,OK,LoadTesting 1-761,text,true,,0,0,241,241,null,0,0,0
1616245624669,274,JoinServer,200,OK,LoadTesting 1-759,text,true,,0,0,240,240,null,0,0,0
1616245624672,278,JoinServer,200,OK,LoadTesting 1-763,text,true,,0,0,239,239,null,0,0,0
1616245624673,277,JoinServer,200,OK,LoadTesting 1-764,text,true,,0,0,238,238,null,0,0,0
1616245624671,283,JoinServer,200,OK,LoadTesting 1-762,text,true,,0,0,237,237,null,0,0,0
1616245624676,301,JoinServer,200,OK,LoadTesting 1-767,text,true,,0,0,236,236,null,0,0,0
1616245624675,302,JoinServer,200,OK,LoadTesting 1-766,text,true,,0,0,235,235,null,0,0,0
1616245624674,306,JoinServer,200,OK,LoadTesting 1-765,text,true,,0,0,234,234,null,0,0,0
1616245624678,302,JoinServer,200,OK,LoadTesting 1-769,text,true,,0,0,233,233,null,0,0,0
1616245624677,303,JoinServer,200,OK,LoadTesting 1-768,text,true,,0,0,232,232,null,0,0,0
1616245624681,299,JoinServer,200,OK,LoadTesting 1-771,text,true,,0,0,231,231,null,0,0,0
1616245624680,300,JoinServer,200,OK,LoadTesting 1-770,text,true,,0,0,230,230,null,0,0,0
1616245624682,298,JoinServer,200,OK,LoadTesting 1-773,text,true,,0,0,229,229,null,0,0,0
1616245624685,295,JoinServer,200,OK,LoadTesting 1-776,text,true,,0,0,228,228,null,0,0,0
1616245624686,294,JoinServer,200,OK,LoadTesting 1-777,text,true,,0,0,227,227,null,0,0,0
1616245624684,297,JoinServer,200,OK,LoadTesting 1-775,text,true,,0,0,226,226,null,0,0,0
1616245624682,299,JoinServer,200,OK,LoadTesting 1-772,text,true,,0,0,225,225,null,0,0,0
1616245624683,300,JoinServer,200,OK,LoadTesting 1-774,text,true,,0,0,224,224,null,0,0,0
1616245624688,295,JoinServer,200,OK,LoadTesting 1-779,text,true,,0,0,224,224,null,0,0,0
1616245624687,296,JoinServer,200,OK,LoadTesting 1-778,text,true,,0,0,222,222,null,0,0,0
1616245624693,290,JoinServer,200,OK,LoadTesting 1-784,text,true,,0,0,221,221,null,0,0,0
1616245624694,289,JoinServer,200,OK,LoadTesting 1-785,text,true,,0,0,220,220,null,0,0,0
1616245624689,294,JoinServer,200,OK,LoadTesting 1-780,text,true,,0,0,219,219,null,0,0,0
1616245624692,292,JoinServer,200,OK,LoadTesting 1-783,text,true,,0,0,218,218,null,0,0,0
1616245624691,293,JoinServer,200,OK,LoadTesting 1-782,text,true,,0,0,217,217,null,0,0,0
1616245624690,294,JoinServer,200,OK,LoadTesting 1-781,text,true,,0,0,216,216,null,0,0,0
1616245624697,291,JoinServer,200,OK,LoadTesting 1-788,text,true,,0,0,215,215,null,0,0,0
1616245624696,292,JoinServer,200,OK,LoadTesting 1-786,text,true,,0,0,215,215,null,0,0,0
1616245624700,288,JoinServer,200,OK,LoadTesting 1-791,text,true,,0,0,213,213,null,0,0,0
1616245624699,289,JoinServer,200,OK,LoadTesting 1-790,text,true,,0,0,212,212,null,0,0,0
1616245624698,293,JoinServer,200,OK,LoadTesting 1-789,text,true,,0,0,211,211,null,0,0,0
1616245624705,286,JoinServer,200,OK,LoadTesting 1-796,text,true,,0,0,210,210,null,0,0,0
1616245624702,290,JoinServer,200,OK,LoadTesting 1-793,text,true,,0,0,209,209,null,0,0,0
1616245624697,295,JoinServer,200,OK,LoadTesting 1-787,text,true,,0,0,208,208,null,0,0,0
1616245624701,291,JoinServer,200,OK,LoadTesting 1-792,text,true,,0,0,207,207,null,0,0,0
1616245624709,283,JoinServer,200,OK,LoadTesting 1-800,text,true,,0,0,206,206,null,0,0,0
1616245624707,285,JoinServer,200,OK,LoadTesting 1-798,text,true,,0,0,205,205,null,0,0,0
1616245624708,287,JoinServer,200,OK,LoadTesting 1-799,text,true,,0,0,204,204,null,0,0,0
1616245624713,282,JoinServer,200,OK,LoadTesting 1-804,text,true,,0,0,204,204,null,0,0,0
1616245624704,291,JoinServer,200,OK,LoadTesting 1-795,text,true,,0,0,204,204,null,0,0,0
1616245624715,281,JoinServer,200,OK,LoadTesting 1-806,text,true,,0,0,201,201,null,0,0,0
1616245624711,285,JoinServer,200,OK,LoadTesting 1-801,text,true,,0,0,200,200,null,0,0,0
1616245624713,283,JoinServer,200,OK,LoadTesting 1-803,text,true,,0,0,199,199,null,0,0,0
1616245624703,293,JoinServer,200,OK,LoadTesting 1-794,text,true,,0,0,198,198,null,0,0,0
1616245624706,290,JoinServer,200,OK,LoadTesting 1-797,text,true,,0,0,197,197,null,0,0,0
1616245624714,282,JoinServer,200,OK,LoadTesting 1-805,text,true,,0,0,196,196,null,0,0,0
1616245624713,284,JoinServer,200,OK,LoadTesting 1-802,text,true,,0,0,195,195,null,0,0,0
1616245624717,283,JoinServer,200,OK,LoadTesting 1-808,text,true,,0,0,194,194,null,0,0,0
1616245624719,281,JoinServer,200,OK,LoadTesting 1-810,text,true,,0,0,193,193,null,0,0,0
1616245624716,284,JoinServer,200,OK,LoadTesting 1-807,text,true,,0,0,192,192,null,0,0,0
1616245624718,282,JoinServer,200,OK,LoadTesting 1-809,text,true,,0,0,191,191,null,0,0,0
1616245624721,279,JoinServer,200,OK,LoadTesting 1-812,text,true,,0,0,190,190,null,0,0,0
1616245624722,282,JoinServer,200,OK,LoadTesting 1-813,text,true,,0,0,189,189,null,0,0,0
1616245624725,279,JoinServer,200,OK,LoadTesting 1-815,text,true,,0,0,189,189,null,0,0,0
1616245624726,278,JoinServer,200,OK,LoadTesting 1-817,text,true,,0,0,187,187,null,0,0,0
1616245624720,284,JoinServer,200,OK,LoadTesting 1-811,text,true,,0,0,186,186,null,0,0,0
1616245624730,274,JoinServer,200,OK,LoadTesting 1-821,text,true,,0,0,185,185,null,0,0,0
1616245624724,281,JoinServer,200,OK,LoadTesting 1-814,text,true,,0,0,184,184,null,0,0,0
1616245624729,276,JoinServer,200,OK,LoadTesting 1-820,text,true,,0,0,183,183,null,0,0,0
1616245624727,278,JoinServer,200,OK,LoadTesting 1-818,text,true,,0,0,182,182,null,0,0,0
1616245624725,280,JoinServer,200,OK,LoadTesting 1-816,text,true,,0,0,181,181,null,0,0,0
1616245624728,281,JoinServer,200,OK,LoadTesting 1-819,text,true,,0,0,180,180,null,0,0,0
1616245624732,277,JoinServer,200,OK,LoadTesting 1-823,text,true,,0,0,179,179,null,0,0,0
1616245624734,275,JoinServer,200,OK,LoadTesting 1-825,text,true,,0,0,178,178,null,0,0,0
1616245624731,278,JoinServer,200,OK,LoadTesting 1-822,text,true,,0,0,177,177,null,0,0,0
1616245624733,280,JoinServer,200,OK,LoadTesting 1-824,text,true,,0,0,176,176,null,0,0,0
1616245624739,274,JoinServer,200,OK,LoadTesting 1-829,text,true,,0,0,175,175,null,0,0,0
1616245624735,278,JoinServer,200,OK,LoadTesting 1-826,text,true,,0,0,174,174,null,0,0,0
1616245624736,278,JoinServer,200,OK,LoadTesting 1-827,text,true,,0,0,173,173,null,0,0,0
1616245624737,277,JoinServer,200,OK,LoadTesting 1-828,text,true,,0,0,172,172,null,0,0,0
1616245624740,277,JoinServer,200,OK,LoadTesting 1-831,text,true,,0,0,171,171,null,0,0,0
1616245624742,279,JoinServer,200,OK,LoadTesting 1-833,text,true,,0,0,170,170,null,0,0,0
1616245624747,274,JoinServer,200,OK,LoadTesting 1-838,text,true,,0,0,169,169,null,0,0,0
1616245624750,271,JoinServer,200,OK,LoadTesting 1-840,text,true,,0,0,168,168,null,0,0,0
1616245624744,277,JoinServer,200,OK,LoadTesting 1-835,text,true,,0,0,167,167,null,0,0,0
1616245624740,281,JoinServer,200,OK,LoadTesting 1-830,text,true,,0,0,166,166,null,0,0,0
1616245624749,272,JoinServer,200,OK,LoadTesting 1-839,text,true,,0,0,165,165,null,0,0,0
1616245624741,280,JoinServer,200,OK,LoadTesting 1-832,text,true,,0,0,164,164,null,0,0,0
1616245624751,270,JoinServer,200,OK,LoadTesting 1-841,text,true,,0,0,163,163,null,0,0,0
1616245624743,278,JoinServer,200,OK,LoadTesting 1-834,text,true,,0,0,162,162,null,0,0,0
1616245624745,277,JoinServer,200,OK,LoadTesting 1-836,text,true,,0,0,161,161,null,0,0,0
1616245624746,278,JoinServer,200,OK,LoadTesting 1-837,text,true,,0,0,160,160,null,0,0,0
1616245624752,272,JoinServer,200,OK,LoadTesting 1-842,text,true,,0,0,159,159,null,0,0,0
1616245624757,267,JoinServer,200,OK,LoadTesting 1-847,text,true,,0,0,158,158,null,0,0,0
1616245624761,263,JoinServer,200,OK,LoadTesting 1-851,text,true,,0,0,157,157,null,0,0,0
1616245624758,266,JoinServer,200,OK,LoadTesting 1-848,text,true,,0,0,156,156,null,0,0,0
1616245624756,268,JoinServer,200,OK,LoadTesting 1-846,text,true,,0,0,155,155,null,0,0,0
1616245624755,270,JoinServer,200,OK,LoadTesting 1-844,text,true,,0,0,154,154,null,0,0,0
1616245624763,262,JoinServer,200,OK,LoadTesting 1-853,text,true,,0,0,153,153,null,0,0,0
1616245624755,270,JoinServer,200,OK,LoadTesting 1-845,text,true,,0,0,152,152,null,0,0,0
1616245624759,266,JoinServer,200,OK,LoadTesting 1-849,text,true,,0,0,151,151,null,0,0,0
1616245624754,271,JoinServer,200,OK,LoadTesting 1-843,text,true,,0,0,150,150,null,0,0,0
1616245624762,263,JoinServer,200,OK,LoadTesting 1-852,text,true,,0,0,149,149,null,0,0,0
1616245624764,261,JoinServer,200,OK,LoadTesting 1-854,text,true,,0,0,148,148,null,0,0,0
1616245624760,265,JoinServer,200,OK,LoadTesting 1-850,text,true,,0,0,147,147,null,0,0,0
1616245624765,261,JoinServer,200,OK,LoadTesting 1-855,text,true,,0,0,146,146,null,0,0,0
1616245624770,256,JoinServer,200,OK,LoadTesting 1-859,text,true,,0,0,145,145,null,0,0,0
1616245624769,258,JoinServer,200,OK,LoadTesting 1-858,text,true,,0,0,144,144,null,0,0,0
1616245624766,261,JoinServer,200,OK,LoadTesting 1-856,text,true,,0,0,143,143,null,0,0,0
1616245624771,256,JoinServer,200,OK,LoadTesting 1-860,text,true,,0,0,142,142,null,0,0,0
1616245624772,255,JoinServer,200,OK,LoadTesting 1-862,text,true,,0,0,141,141,null,0,0,0
1616245624771,256,JoinServer,200,OK,LoadTesting 1-861,text,true,,0,0,140,140,null,0,0,0
1616245624767,260,JoinServer,200,OK,LoadTesting 1-857,text,true,,0,0,139,139,null,0,0,0
1616245624777,250,JoinServer,200,OK,LoadTesting 1-867,text,true,,0,0,138,138,null,0,0,0
1616245624778,249,JoinServer,200,OK,LoadTesting 1-868,text,true,,0,0,137,137,null,0,0,0
1616245624773,254,JoinServer,200,OK,LoadTesting 1-863,text,true,,0,0,136,136,null,0,0,0
1616245624776,252,JoinServer,200,OK,LoadTesting 1-866,text,true,,0,0,135,135,null,0,0,0
1616245624774,254,JoinServer,200,OK,LoadTesting 1-864,text,true,,0,0,134,134,null,0,0,0
1616245624779,249,JoinServer,200,OK,LoadTesting 1-869,text,true,,0,0,133,133,null,0,0,0
1616245624781,247,JoinServer,200,OK,LoadTesting 1-871,text,true,,0,0,132,132,null,0,0,0
1616245624775,253,JoinServer,200,OK,LoadTesting 1-865,text,true,,0,0,131,131,null,0,0,0
1616245624784,246,JoinServer,200,OK,LoadTesting 1-873,text,true,,0,0,130,130,null,0,0,0
1616245624785,245,JoinServer,200,OK,LoadTesting 1-875,text,true,,0,0,129,129,null,0,0,0
1616245624788,242,JoinServer,200,OK,LoadTesting 1-878,text,true,,0,0,128,128,null,0,0,0
1616245624786,245,JoinServer,200,OK,LoadTesting 1-876,text,true,,0,0,127,127,null,0,0,0
1616245624780,252,JoinServer,200,OK,LoadTesting 1-870,text,true,,0,0,126,126,null,0,0,0
1616245624782,250,JoinServer,200,OK,LoadTesting 1-872,text,true,,0,0,125,125,null,0,0,0
1616245624784,248,JoinServer,200,OK,LoadTesting 1-874,text,true,,0,0,124,124,null,0,0,0
1616245624787,245,JoinServer,200,OK,LoadTesting 1-877,text,true,,0,0,123,123,null,0,0,0
1616245624789,243,JoinServer,200,OK,LoadTesting 1-879,text,true,,0,0,122,122,null,0,0,0
1616245624790,243,JoinServer,200,OK,LoadTesting 1-880,text,true,,0,0,121,121,null,0,0,0
1616245624795,238,JoinServer,200,OK,LoadTesting 1-883,text,true,,0,0,120,120,null,0,0,0
1616245624795,238,JoinServer,200,OK,LoadTesting 1-881,text,true,,0,0,119,119,null,0,0,0
1616245624795,239,JoinServer,200,OK,LoadTesting 1-885,text,true,,0,0,118,118,null,0,0,0
1616245624795,240,JoinServer,200,OK,LoadTesting 1-882,text,true,,0,0,117,117,null,0,0,0
1616245624795,243,JoinServer,200,OK,LoadTesting 1-884,text,true,,0,0,116,116,null,0,0,0
1616245624796,243,JoinServer,200,OK,LoadTesting 1-886,text,true,,0,0,115,115,null,0,0,0
1616245624797,248,JoinServer,200,OK,LoadTesting 1-887,text,true,,0,0,114,114,null,0,0,0
1616245624799,246,JoinServer,200,OK,LoadTesting 1-888,text,true,,0,0,113,113,null,0,0,0
1616245624800,245,JoinServer,200,OK,LoadTesting 1-889,text,true,,0,0,112,112,null,0,0,0
1616245624801,244,JoinServer,200,OK,LoadTesting 1-890,text,true,,0,0,111,111,null,0,0,0
1616245624801,244,JoinServer,200,OK,LoadTesting 1-891,text,true,,0,0,110,110,null,0,0,0
1616245624802,246,JoinServer,200,OK,LoadTesting 1-892,text,true,,0,0,109,109,null,0,0,0
1616245624803,245,JoinServer,200,OK,LoadTesting 1-893,text,true,,0,0,108,108,null,0,0,0
1616245624804,245,JoinServer,200,OK,LoadTesting 1-894,text,true,,0,0,107,107,null,0,0,0
1616245624805,251,JoinServer,200,OK,LoadTesting 1-895,text,true,,0,0,106,106,null,0,0,0
1616245624806,250,JoinServer,200,OK,LoadTesting 1-896,text,true,,0,0,105,105,null,0,0,0
1616245624807,255,JoinServer,200,OK,LoadTesting 1-897,text,true,,0,0,104,104,null,0,0,0
1616245624809,256,JoinServer,200,OK,LoadTesting 1-899,text,true,,0,0,103,103,null,0,0,0
1616245624810,255,JoinServer,200,OK,LoadTesting 1-900,text,true,,0,0,102,102,null,0,0,0
1616245624814,251,JoinServer,200,OK,LoadTesting 1-904,text,true,,0,0,101,101,null,0,0,0
1616245624811,254,JoinServer,200,OK,LoadTesting 1-901,text,true,,0,0,100,100,null,0,0,0
1616245624814,251,JoinServer,200,OK,LoadTesting 1-903,text,true,,0,0,99,99,null,0,0,0
1616245624809,256,JoinServer,200,OK,LoadTesting 1-898,text,true,,0,0,98,98,null,0,0,0
1616245624815,250,JoinServer,200,OK,LoadTesting 1-905,text,true,,0,0,97,97,null,0,0,0
1616245624816,249,JoinServer,200,OK,LoadTesting 1-906,text,true,,0,0,96,96,null,0,0,0
1616245624813,252,JoinServer,200,OK,LoadTesting 1-902,text,true,,0,0,95,95,null,0,0,0
1616245624817,251,JoinServer,200,OK,LoadTesting 1-907,text,true,,0,0,94,94,null,0,0,0
1616245624818,250,JoinServer,200,OK,LoadTesting 1-908,text,true,,0,0,93,93,null,0,0,0
1616245624819,249,JoinServer,200,OK,LoadTesting 1-909,text,true,,0,0,92,92,null,0,0,0
1616245624820,248,JoinServer,200,OK,LoadTesting 1-910,text,true,,0,0,91,91,null,0,0,0
1616245624821,247,JoinServer,200,OK,LoadTesting 1-911,text,true,,0,0,90,90,null,0,0,0
1616245624823,246,JoinServer,200,OK,LoadTesting 1-913,text,true,,0,0,89,89,null,0,0,0
1616245624826,243,JoinServer,200,OK,LoadTesting 1-916,text,true,,0,0,88,88,null,0,0,0
1616245624825,244,JoinServer,200,OK,LoadTesting 1-915,text,true,,0,0,87,87,null,0,0,0
1616245624824,245,JoinServer,200,OK,LoadTesting 1-914,text,true,,0,0,86,86,null,0,0,0
1616245624822,247,JoinServer,200,OK,LoadTesting 1-912,text,true,,0,0,85,85,null,0,0,0
1616245624829,243,JoinServer,200,OK,LoadTesting 1-918,text,true,,0,0,84,84,null,0,0,0
1616245624832,244,JoinServer,200,OK,LoadTesting 1-922,text,true,,0,0,83,83,null,0,0,0
1616245624835,241,JoinServer,200,OK,LoadTesting 1-925,text,true,,0,0,82,82,null,0,0,0
1616245624828,249,JoinServer,200,OK,LoadTesting 1-917,text,true,,0,0,81,81,null,0,0,0
1616245624836,241,JoinServer,200,OK,LoadTesting 1-926,text,true,,0,0,80,80,null,0,0,0
1616245624829,248,JoinServer,200,OK,LoadTesting 1-919,text,true,,0,0,79,79,null,0,0,0
1616245624834,243,JoinServer,200,OK,LoadTesting 1-924,text,true,,0,0,78,78,null,0,0,0
1616245624833,244,JoinServer,200,OK,LoadTesting 1-923,text,true,,0,0,78,78,null,0,0,0
1616245624831,246,JoinServer,200,OK,LoadTesting 1-921,text,true,,0,0,76,76,null,0,0,0
1616245624838,239,JoinServer,200,OK,LoadTesting 1-928,text,true,,0,0,75,75,null,0,0,0
1616245624830,250,JoinServer,200,OK,LoadTesting 1-920,text,true,,0,0,74,74,null,0,0,0
1616245624837,244,JoinServer,200,OK,LoadTesting 1-927,text,true,,0,0,73,73,null,0,0,0
1616245624840,241,JoinServer,200,OK,LoadTesting 1-930,text,true,,0,0,72,72,null,0,0,0
1616245624839,242,JoinServer,200,OK,LoadTesting 1-929,text,true,,0,0,71,71,null,0,0,0
1616245624841,240,JoinServer,200,OK,LoadTesting 1-931,text,true,,0,0,70,70,null,0,0,0
1616245624842,241,JoinServer,200,OK,LoadTesting 1-932,text,true,,0,0,69,69,null,0,0,0
1616245624844,241,JoinServer,200,OK,LoadTesting 1-933,text,true,,0,0,68,68,null,0,0,0
1616245624845,240,JoinServer,200,OK,LoadTesting 1-934,text,true,,0,0,67,67,null,0,0,0
1616245624845,240,JoinServer,200,OK,LoadTesting 1-935,text,true,,0,0,66,66,null,0,0,0
1616245624846,242,JoinServer,200,OK,LoadTesting 1-936,text,true,,0,0,65,65,null,0,0,0
1616245624847,245,JoinServer,200,OK,LoadTesting 1-937,text,true,,0,0,64,64,null,0,0,0
1616245624848,245,JoinServer,200,OK,LoadTesting 1-938,text,true,,0,0,63,63,null,0,0,0
1616245624849,246,JoinServer,200,OK,LoadTesting 1-939,text,true,,0,0,62,62,null,0,0,0
1616245624850,247,JoinServer,200,OK,LoadTesting 1-940,text,true,,0,0,61,61,null,0,0,0
1616245624851,246,JoinServer,200,OK,LoadTesting 1-941,text,true,,0,0,61,61,null,0,0,0
1616245624853,245,JoinServer,200,OK,LoadTesting 1-943,text,true,,0,0,59,59,null,0,0,0
1616245624852,249,JoinServer,200,OK,LoadTesting 1-942,text,true,,0,0,58,58,null,0,0,0
1616245624856,245,JoinServer,200,OK,LoadTesting 1-946,text,true,,0,0,57,57,null,0,0,0
1616245624855,246,JoinServer,200,OK,LoadTesting 1-945,text,true,,0,0,56,56,null,0,0,0
1616245624854,247,JoinServer,200,OK,LoadTesting 1-944,text,true,,0,0,55,55,null,0,0,0
1616245624859,242,JoinServer,200,OK,LoadTesting 1-949,text,true,,0,0,54,54,null,0,0,0
1616245624862,239,JoinServer,200,OK,LoadTesting 1-951,text,true,,0,0,53,53,null,0,0,0
1616245624864,238,JoinServer,200,OK,LoadTesting 1-954,text,true,,0,0,52,52,null,0,0,0
1616245624857,245,JoinServer,200,OK,LoadTesting 1-947,text,true,,0,0,51,51,null,0,0,0
1616245624861,241,JoinServer,200,OK,LoadTesting 1-950,text,true,,0,0,50,50,null,0,0,0
1616245624858,244,JoinServer,200,OK,LoadTesting 1-948,text,true,,0,0,49,49,null,0,0,0
1616245624862,240,JoinServer,200,OK,LoadTesting 1-952,text,true,,0,0,48,48,null,0,0,0
1616245624863,239,JoinServer,200,OK,LoadTesting 1-953,text,true,,0,0,47,47,null,0,0,0
1616245624870,234,JoinServer,200,OK,LoadTesting 1-960,text,true,,0,0,46,46,null,0,0,0
1616245624868,236,JoinServer,200,OK,LoadTesting 1-958,text,true,,0,0,45,45,null,0,0,0
1616245624865,239,JoinServer,200,OK,LoadTesting 1-955,text,true,,0,0,44,44,null,0,0,0
1616245624873,231,JoinServer,200,OK,LoadTesting 1-963,text,true,,0,0,43,43,null,0,0,0
1616245624867,237,JoinServer,200,OK,LoadTesting 1-957,text,true,,0,0,42,42,null,0,0,0
1616245624871,233,JoinServer,200,OK,LoadTesting 1-962,text,true,,0,0,41,41,null,0,0,0
1616245624869,235,JoinServer,200,OK,LoadTesting 1-959,text,true,,0,0,40,40,null,0,0,0
1616245624881,223,JoinServer,200,OK,LoadTesting 1-972,text,true,,0,0,39,39,null,0,0,0
1616245624877,227,JoinServer,200,OK,LoadTesting 1-968,text,true,,0,0,38,38,null,0,0,0
1616245624875,229,JoinServer,200,OK,LoadTesting 1-965,text,true,,0,0,37,37,null,0,0,0
1616245624866,238,JoinServer,200,OK,LoadTesting 1-956,text,true,,0,0,36,36,null,0,0,0
1616245624882,222,JoinServer,200,OK,LoadTesting 1-973,text,true,,0,0,35,35,null,0,0,0
1616245624883,221,JoinServer,200,OK,LoadTesting 1-974,text,true,,0,0,35,35,null,0,0,0
1616245624876,228,JoinServer,200,OK,LoadTesting 1-967,text,true,,0,0,35,35,null,0,0,0
1616245624887,218,JoinServer,200,OK,LoadTesting 1-978,text,true,,0,0,32,32,null,0,0,0
1616245624874,231,JoinServer,200,OK,LoadTesting 1-964,text,true,,0,0,31,31,null,0,0,0
1616245624878,227,JoinServer,200,OK,LoadTesting 1-969,text,true,,0,0,30,30,null,0,0,0
1616245624875,230,JoinServer,200,OK,LoadTesting 1-966,text,true,,0,0,29,29,null,0,0,0
1616245624871,234,JoinServer,200,OK,LoadTesting 1-961,text,true,,0,0,28,28,null,0,0,0
1616245624880,225,JoinServer,200,OK,LoadTesting 1-971,text,true,,0,0,27,27,null,0,0,0
1616245624893,212,JoinServer,200,OK,LoadTesting 1-982,text,true,,0,0,26,26,null,0,0,0
1616245624888,217,JoinServer,200,OK,LoadTesting 1-979,text,true,,0,0,25,25,null,0,0,0
1616245624892,213,JoinServer,200,OK,LoadTesting 1-981,text,true,,0,0,24,24,null,0,0,0
1616245624889,216,JoinServer,200,OK,LoadTesting 1-980,text,true,,0,0,23,23,null,0,0,0
1616245624885,220,JoinServer,200,OK,LoadTesting 1-976,text,true,,0,0,22,22,null,0,0,0
1616245624884,221,JoinServer,200,OK,LoadTesting 1-975,text,true,,0,0,21,21,null,0,0,0
1616245624886,220,JoinServer,200,OK,LoadTesting 1-977,text,true,,0,0,20,20,null,0,0,0
1616245624879,227,JoinServer,200,OK,LoadTesting 1-970,text,true,,0,0,19,19,null,0,0,0
1616245624893,215,JoinServer,200,OK,LoadTesting 1-983,text,true,,0,0,18,18,null,0,0,0
1616245624896,212,JoinServer,200,OK,LoadTesting 1-986,text,true,,0,0,18,18,null,0,0,0
1616245624894,215,JoinServer,200,OK,LoadTesting 1-984,text,true,,0,0,16,16,null,0,0,0
1616245624895,214,JoinServer,200,OK,LoadTesting 1-985,text,true,,0,0,15,15,null,0,0,0
1616245624898,211,JoinServer,200,OK,LoadTesting 1-988,text,true,,0,0,14,14,null,0,0,0
1616245624897,212,JoinServer,200,OK,LoadTesting 1-987,text,true,,0,0,13,13,null,0,0,0
1616245624899,210,JoinServer,200,OK,LoadTesting 1-989,text,true,,0,0,12,12,null,0,0,0
1616245624900,209,JoinServer,200,OK,LoadTesting 1-990,text,true,,0,0,11,11,null,0,0,0
1616245624902,207,JoinServer,200,OK,LoadTesting 1-992,text,true,,0,0,10,10,null,0,0,0
1616245624909,202,JoinServer,200,OK,LoadTesting 1-998,text,true,,0,0,9,9,null,0,0,0
1616245624903,208,JoinServer,200,OK,LoadTesting 1-993,text,true,,0,0,8,8,null,0,0,0
1616245624910,202,JoinServer,200,OK,LoadTesting 1-1000,text,true,,0,0,7,7,null,0,0,0
1616245624904,208,JoinServer,200,OK,LoadTesting 1-994,text,true,,0,0,6,6,null,0,0,0
1616245624905,207,JoinServer,200,OK,LoadTesting 1-995,text,true,,0,0,5,5,null,0,0,0
1616245624909,203,JoinServer,200,OK,LoadTesting 1-999,text,true,,0,0,4,4,null,0,0,0
1616245624908,204,JoinServer,200,OK,LoadTesting 1-997,text,true,,0,0,3,3,null,0,0,0
1616245624901,211,JoinServer,200,OK,LoadTesting 1-991,text,true,,0,0,2,2,null,0,0,0
1616245624906,206,JoinServer,200,OK,LoadTesting 1-996,text,true,,0,0,1,1,null,0,0,0
